Clave,Descripcion,Linea,Unidad_Medida
 075210GRE32NG,BORCEGUI GRE TIGER POLIC. DIE T32 NG,7,PAR
001000BOR0000,BORDADO   IMPRESOS,0,NO APLICA
004100PRI0000,SERVICIO DE PAQUETERIA,0,NO APLICA
011000AMB00BC,COFIA AMB 440103020 PLISADA BC ,1,PIEZA
011010ALY00BC,COFIA ALY LGBP2 PLISADA DE 21 BC ,1,PIEZA
011010AMS0000,CABEZAL AM 5 LLAVES AM55 VICERA GD ,1,PIEZA
011020AMS0000,CABEZAL AM DE ALUMINIO AM2AL ,1,PIEZA
011030AMS0000,CABEZAL AM TUNIVERSAL AM2 ,1,PIEZA
011035APA00AM,SOLAPA DE MALLA MRS  PCASCO AM ,1,PIEZA
011035APA00NJ,SOLAPA DE MALLA MRS PCASCO NJ ,1,PIEZA
011370INF00NG,CARETA INFRA ELECTRONICA 2SC702NEGRA ,1,PIEZA
0113903MM00AC,CACHUCHA 3M CSUSP. MATRACA H703R AC D,1,PIEZA
0113903MM00AM,CACHUCHA 3M CSUSP. MATRACA H702R AM D,1,PIEZA
0113903MM00AZ,CACHUCHA 3M CSUSP. MATRACA H710R AZ D,1,PIEZA
0113903MM00BC,CACHUCHA 3M CSUSP. MATRACA H701R BC D,1,PIEZA
0113903MM00NJ,CACHUCHA 3M CSUSP. MATRACA H706R NJ D,1,PIEZA
0113903MM00RJ,CACHUCHA 3M CSUSP. MATRACA H705R RJ D,1,PIEZA
0113903MM00VD,CACHUCHA 3M CSUSP. MATRACA H704R VD D,1,PIEZA
011500DER00BC,COFIA DERMA PLISADA RDCP08 BC ,1,PIEZA
011601DER02AZ,COFIA DERMA TIPO HONGO RDCO02 AZ ,1,KIT
011601DER08BC,COFIA DERMA  HONGO RDCO08 BC ,1,PIEZA
011800INF00NG,BARBUQUEJO INFRA SMENTON 12254 NEGRO ,1,PIEZA
011801INF00NG,BARBUQUEJO INFRA CMENTON 12254B ,1,PIEZA
011840VAL00AZ,GORRA PROTECTORA CIMPACTOS 5913 AZ ,1,PIEZA
011850INF0000,CARETA INFRA CONCHA FV CMTR 2SC200M ,1,PIEZA
011850LOZ00NG,GORRA E INSERTO DE PROTECCION NG ,1,PIEZA
011851INF0000,CARETA INF VENTANA PANORAM. 2SC40012 ,1,PIEZA
011890INF00AM,CACHUCHA INFRA 1CPM3 SUSP. NORMAL AM ,1,PIEZA
011890INF00AZ,CACHUCHA INFRA 1CPM6 SUSP. NORMAL AZ ,1,PIEZA
011890INF00BC,CACHUCHA INFRA 1CPM1 SUSP. NORMAL BC ,1,PIEZA
011890INF00NJ,CACHUCHA INFRA 1CPM4 SUSP. NORMAL NJ ,1,PIEZA
011890INF00RJ,CACHUCHA INFRA 1CPM2 SUSP. NORMAL RJ ,1,PIEZA
011890INF00VD,CACHUCHA INFRA 1CPM5 SUSP. NORMAL VD ,1,PIEZA
011900INF00NT,CASCO INF ALUMINIO CMAT 1CA2851M NT ,1,PIEZA
011910INF00AM,CASCO INF ALA ANCHA CMTR 1CP2151M AM,1,PIEZA
011910INF00AZ,CASCO INF ALA ANCHA CMTR 1CP2151M AZ,1,PIEZA
011910INF00BC,CASCO INF ALA ANCHA CMTR 1CP2151M BC,1,PIEZA
011910INF00NJ,CASCO INF ALA ANCHA CMTR 1CP2151M NJ,1,PIEZA
011910INF00RJ,CASCO INF ALA ANCHA CMTR 1CP2151M RJ,1,PIEZA
012050INF0000,PROTECTOR FACIAL INFRA CMTR 3PF500T ,1,PIEZA
012100INF0000,SUSPENCION INFRA MTR 2SCM21 ,1,PIEZA
012110JYR00AM,CACHUCHA JYR DIE E WW2002 SUSP. N AM,1,PIEZA
012110JYR00BC,CACHUCHA JYR DIE E WW2002 SUSP. N BC,1,PIEZA
012110JYR00NJ,CACHUCHA JYR DIE E WW2002 SUSP. N NJ,1,PIEZA
012200MBA00AM,COFIA JYR DE RED NYLON JYR1550 NG D,1,PIEZA
012250MBA00AZ,COFIA JYR DE RED 1545 NG D,1,PIEZA
012300MSA00GR,BARBUQUEJO MSA SMENTON M230564 GRIS ,1,PIEZA
012301MSA0000,BARBUQUEJO MSA  DE 4 PTOS PCACHUCHA ,1,PIEZA
012370MRS0000,ADAPTADOR PCASCO MRS SP1016  ,1,PIEZA
012500MSA00BC,CACHUCHA MSA CSUSP. NORMAL BC D,1,PIEZA
012510MSA00AM,CACHUCHA MSA CSUSP.MATRACA AM D,1,PIEZA
012510MSA00AZ,CACHUCHA MSA CSUSP.MATRACA AZ D,1,PIEZA
012510MSA00BC,CACHUCHA MSA CSUSP.MATRACA BC D,1,PIEZA
012510MSA00GR,CACHUCHA MSA CSUSP.MATRACA GR D,1,PIEZA
012510MSA00NG,CACHUCHA MSA CSUSP.MATRACA NG D,1,PIEZA
012540MSA01AM,CASCO MSA ALA COMP. CSUSP. MTR AM D,1,PIEZA
012540MSA01BC,CASCO MSA ALA COMP. CSUSP. MTR BC D,1,PIEZA
012650MSA0000,PROTECTOR MSA DE SOL PCASCO 697410 ,1,PIEZA
012700PGS00AC,CACHUCHA IGA SUSP. NORMAL  AC ,1,PIEZA
012700PGS00AF,CACHUCHA IGA SUSP. NRML E AM FLUOR. ,1,PIEZA
012700PGS00AM,CACHUCHA IGA SUSP. NORMAL AM ,1,PIEZA
012700PGS00AZ,CACHUCHA IGA SUSP. NORMAL AZ ,1,PIEZA
012700PGS00BC,CACHUCHA IGA SUSP. NORMAL BC ,1,PIEZA
012700PGS00GR,CACHUCHA IGA SUSP. NORMAL E GR ,1,PIEZA
012700PGS00NF,CACHUCHA IGA SUSP. NRML E NJ FLUOR. ,1,PIEZA
012700PGS00NG,CACHUCHA IGA SUSP. NORMAL E NG ,1,PIEZA
012700PGS00NJ,CACHUCHA IGA SUSP. NORMAL NJ ,1,PIEZA
012700PGS00RJ,CACHUCHA IGA SUSP. NORMAL RJ ,1,PIEZA
012700PGS00RS,CACHUCHA IGA SUSP. NORMAL E RS  ,1,PIEZA
012700PGS00VD,CACHUCHA IGA SUSP. NORMAL VD ,1,PIEZA
012700PGS00VF,CACHUCHA IGA SUSP. NRML E VD FLUOR. ,1,PIEZA
012800PGS00AM,CASCO IGA ALA COMP. SUSP. MATRACA AM ,1,PIEZA
012800PGS00BC,CASCO IGA ALA COMP. SUSP. MATRACA BC ,1,PIEZA
012800PGS00NJ,CASCO IGA ALA COMP. SUSP. MATRACA  NJ ,1,PIEZA
012801PGS00AM,CACHUCHA IGA DIE E SUSP. MATRACA AM ,1,PIEZA
012801PGS00AZ,CACHUCHA IGA DIE E SUSP. MATRACA AZ ,1,PIEZA
012801PGS00BC,CACHUCHA IGA DIE E SUSP. MATRACA BC ,1,PIEZA
012801PGS00NJ,CACHUCHA IGA DIE E SUSP. MATRACA NJ ,1,PIEZA
012803PGS00AM,CASCO HIT IGA 400001 CLASE G AM ,1,PIEZA
012803PGS00BC,CASCO HIT IGA 400001 CLASE G BC ,1,PIEZA
012803PGS00NJ,CASCO HIT IGA 400001 CLASE G NJ ,1,PIEZA
012805TAC0000,COFIA MRS PLISADA SP1004 AZ ,1,PIEZA
012816DER0000,CAPUCHON LBG  DER MEZCLILLA ME9720 ,1,PIEZA
012850VCG0000,CAPUCHON JPL DE MEZCLILLA ECON.,1,PIEZA
012870TRJ0000,CAPUCHON TRJ TELA CFORRO Y RESORTE NG,1,PIEZA
012871TRJ0000,CAPUCHA TRJ DE LYCRA 100% ALGODON ,1,PIEZA
012900VCG00AZ,CAPUCHON TRJ DE MEZCLILLA AZUL ,1,PIEZA
012960WWJ00GR,BARBUQUEJO JYR CMENTON WW2000 ,1,PIEZA
021060AMS0011,CRISTAL INF RECTANGULAR 2SC11 S11 ,2,PIEZA
021060INF0014,CRISTAL INF RECTANGULAR 2SC14 S14 ,2,PIEZA
021080AMS0006,CRISTAL AM REDONDO AM180 S6 ,2,PIEZA
021100AMS0000,MICA AM PCARETA AM160CP POLICARB CL ,2,PIEZA
021110AMS00CL,MICA AM PTG AM90CPTM 4020 CLARA ,2,PIEZA
021120AMS00CL,MICA AM TUNIV. PTG AM84CP CLARA ,2,PIEZA
021130AMS00CL,MICA AM TIPO UNIVERSAL AM84C CL ,2,PIEZA
021450CRE0000,ESTACION DE LIMPIEZA CREWS PLENTES ,2,PIEZA
021470CRE00CL,GOGGLE DER VENT. INDIRECTA AL230 CL ,2,PIEZA
021475CND0000,PROTECTOR LATERAL CND DESLIZANTES CL ,2,PAR
021550CRE00CL,LENTE CREWS RATTLER2 CROMO R2120 CL D,2,PIEZA
021560CRE00AZ,LENTE CREWS RUBICON T4113AF AZ D,2,PIEZA
021560CRE00CL,LENTE CREWS RUBICON T4110 AF CL D,2,PIEZA
021560CRE00ES,LENTE CREWS RUBICON T411R FIRE D,2,PIEZA
021560CRE00GR,LENTE CREWS RUBICON T4112AF GRIS D,2,PIEZA
021650CRE0000,GOGGLE CREWS 2310AF STRYKER CL D,2,PIEZA
022000DER00CL,LENTE DERMA EXPO AL026  AF CL ,2,PIEZA
022020DER00CL,LENTE DERMA EXPO AL026 CL ,2,PIEZA
022030DER00GR,LENTE DERMA EXPO AL026 GR ,2,PIEZA
022080DER00CL,LENTE DERMA STEEL AL012 AF CL ,2,PIEZA
022090DER00CL,LENTE DERMA STEEL AL012 CL ,2,PIEZA
022100DER00ES,LENTE DERMA STEEL AL012 ES ,2,PIEZA
022110DER00AM,LENTE DERMA STEEL AL012 AM ,2,PIEZA
022110DER00GR,LENTE DERMA STEEL AL012 GR ,2,PIEZA
022120DER00IO,LENTE DERMA STEEL AL012 INOUT ,2,PIEZA
022121DER00CL,LENTE INF 3SV3000 ET. CLARO ,2,PIEZA
022121DER00GR,LENTE INF 3SV3000 EG GRIS ,2,PIEZA
022125DER00CL,LENTE DERMA SKY AL654CL NGCL ANTIF. ,2,PIEZA
022125DER00ES,LENTE DERMA SKY AL654GD NGESPJ GOLD,2,PIEZA
022128DER00CL,LENTE DERMA SKY AL655CL ANTIF. RJCL ,2,PIEZA
022128DER00ES,LENTE DERMA SKY AL655MR RJESPEJO ,2,PIEZA
022128DER00GR,LENTE DERMA SKY AL655GR RJGR ,2,PIEZA
022130DER00AM,LENTE HERHILD VISITANTE MICA CLARA ,2,PIEZA
022140DER00CL,LENTE DERMA VISITANTE AL048 CL ,2,PIEZA
022145DER00AZ,LENTE DERMA TITAN AL184 ES AZMR,2,PIEZA
022146DER00CL,LENTE DERMA TITAN AL184AF CL ,2,PIEZA
022226HER0000,LENTE HER GEMINIS ESPEJO ,2,PIEZA
022300HON00CL,LENTE HONEYWELL XV100 FROSTCL D,2,PIEZA
022301HON00GR,LENTE HONEYWELL XV101 GRAYGY D,2,PIEZA
022302HON00AF,LENTE HONEYWELL XV103 FROSTCLAF D,2,PIEZA
022304HON00GY,LENTE UVEX A701 D,2,PIEZA
022305HON00IO,LENTE UVEX A704 INOUT D,2,PIEZA
022306HON00AF,LENTE UVEX A705 CLAF D,2,PIEZA
022307HON00AF,LENTE UVEX A805 CLAF D,2,PIEZA
022308HON00GY,LENTE UVEX A806 GRYAF D,2,PIEZA
022340INF0010,CRISTAL INF RECTANGULAR S10 2SC10 ,2,PIEZA
022340INF0012,CRISTAL INF RECTANGULAR S12 2SC12  ,2,PIEZA
022340INF0013,CRISTAL INF RECTANGULAR S13 2SC13 ,2,PIEZA
022340INF00CL,CRISTAL INF RECTANGULAR CLARO 2SCC2 ,2,PIEZA
022345INF00AZ,LENTE INFRA VISION4000 3V4000PA AZ ,2,PIEZA
022346INF00CL,LENTE INFRA VISION4000 3V4000TMR CL ,2,PIEZA
022347INF00CL,LENTE INFRA VISION4000 3V4000TMA CL ,2,PIEZA
022349INF00CL,LENTE INF VISITANTE 3V180RT SVENT  CL,2,PIEZA
022350INF0006,GAFA INF PSOLD 2SG002C CCRIST CLS6,2,PIEZA
022350INF00CL,LENTE INF VISITANTE 3V180VRT VISION CL,2,PIEZA
022351INF00CL,MONOGOGLE INFRA 3PO80 SVENTILACION ,2,PIEZA
022370INF0000,VISOR INF DE ACETATO 3PO848T ,2,PIEZA
022400JAC00AM,LENTE JACKSON NEMESIS ACCL 3011373 D,2,PIEZA
022400JAC00ES,LENTE JACKSON NEMESIS AZESP 3000358 D,2,PIEZA
022410JAC00CL,LENTE JACKSON NEMESIS CLAF 3000355 D,2,PIEZA
022420JAC00GR,LENTE JACKSON NEMESIS GR 3000356 D,2,PIEZA
022421JAC00GR,LENTE JACKSON NEMESIS HUMCAM 3020707 D,2,PIEZA
022421JACBZ00,LENTE JACKSON NEMESIS BRCAMF 3011375 D,2,PIEZA
022430JAC00IO,LENTE JACKSON NEMESIS IO3000357 D,2,PIEZA
022500HER0000,LENTE HER VENUS CLARO ,2,PIEZA
022500JYR00VD,LENTE JYR 1280 V5 VERDE S5 D,2,PIEZA
022501HER0000,LENTE HER VENUS GRIS,2,PIEZA
022511LIB00AF,LENTE LIBUS ECOLINE 900559 AFCL ,2,PIEZA
022545MRS00CL,MICA PROTECTORA MRS SP1014SA CLARA ,2,PIEZA
022550MRS00CL,LENTE MRS RODIUM SV1005 CL  ,2,PIEZA
022550MRS00GR,LENTE MRS RODIUM SV1005 GR ,2,PIEZA
023060STE00CL,LENTE STE GRAVITY AF CL,2,PIEZA
023290STE00CL,LENTE STE TURBINE AF CL ,2,PIEZA
023320STE00CL,LENTE STE X3 CL ,2,PIEZA
023350STE00GR,LENTE STE X5  GR ,2,PIEZA
023400UVX00CL,GOGGLE UVEX STEALTH PPLVS S3960C D,2,PIEZA
023401UVX00CL,GOGGLE UVEX STEALTH PQUIMIC S3960 CL D,2,PIEZA
0348203MM0000,TAPON AUDITIVO 3M 1110 CCORDON D,3,PIEZA
0348253MM0000,TAPON AUDITIVO 3M 1250 NEON DESECH. D,3,PIEZA
0348603MM0000,TAPON AUDITIVO 3M 1290 D,3,PIEZA
0348643MM0000,TAPON AUDITIVO 3M 1292 D,3,PIEZA
035000AOS0000,TAPON MRS SQ1004 CORDON PLASTI CCAJA ,3,PAR
035020HER0000,TAPON AUDITIVO HER HHBBN REU. COR. NYL,3,PIEZA
035140EAR0000,TAPON AUDITIVO EAR ULTRAFIT CCORD ,3,PIEZA
035159HER0000,TAPON AUDITIVO HER HHN33 DESECHABLE ,3,PIEZA
035163HER0000,TAPON AUDITIVO HER REUSABLE HHCC ,3,PIEZA
035251HWL0000,TAPON AUDITIVO HOWARD LEIHT SMF30 D,3,PIEZA
035300LOI0000,TAPON AUDITIVO DERMA HA026 CCORDON ,3,PIEZA
035310LIB0000,TAPON LIBUS CBOLSA QUANTUM REUSABLE ,3,PIEZA
035312LIB0000,OREJERA LIBUS ALTERNATIVE ,3,PIEZA
035420MLX0000,DISPENSADOR DE TAPON MLX C500 6645 D,3,PIEZA
035440MLX0000,TAPON AUDITIVO MOLDEX ROCKET CC 6405 D,3,PIEZA
035450MLX0000,OREJERA MOLDEX 6201 MULTIPOSICION D,3,PIEZA
035459MRS0000,OREJERA MRS DIADEMA SQ1001 ,3,PIEZA
035460MRS0000,TAPON  MRS SQ1004HV CORDTELA NEON CJ,3,PIEZA
035461MRS0000,TAPON AUDITIVO MRS SQ1005 CBOLSA ,3,PIEZA
035590PEL0000,OREJERA OPTIME H9P3E ADAPTABLE D,3,PIEZA
035600PEL0000,OREJERA OPTIME H9A DIADEMA D,3,PIEZA
035600PEL1100,OREJERA OPTIME H10A DIADEMA D,3,PIEZA
035700PST0000,TAPON AUDITIVO PROSIT TA100 CCORD. D,3,PIEZA
035750STE0000,OREJERA STE AK147  501 ADAPTABLE NJ ,3,PIEZA
035800STE0000,TAPON AUDITIVO TAC  LIBUS BOLSA ,3,PIEZA
035801STE0000,TAPON AUDITIVO TAC LIBUS CAJA ,3,CAJA
0410003MM0000,CARTUCHO 3M 6001 PVAPORES ORG. D,4,PIEZA
0410103MM0000,CARTUCHO 3M 6002 PGASES ACIDOS D,4,PIEZA
0410203MM0000,CARTUCHO 3M 6003 PV.O. Y G.A D,4,PIEZA
0410303MM0000,CARTUCHO 3M 6004 AMONI  METILAMINA D,4,PIEZA
0410403MM0000,CARTUCHO 3M 6006 UNIVERSAL MULT Y VO. D,4,PIEZA
0410413MM0000,CARTUCHO 3M 6009 V.MERCURIO Y G.CLORO D,4,PIEZA
0411003MM0000,CARTUCHO 3M 60921 PVAPORES ORG. D,4,PIEZA
0411203MM0000,CARTUCHO 3M 60923 PV.O. Y G.A. ,4,PIEZA
0415003MM0000,FILTRO 3M 2071 PPARTICULAS D,4,PIEZA
0415103MM0000,FILTRO 3M 2078 PV.O. Y G.A. D,4,PIEZA
0416003MM0000,FILTRO 3M 2091 PARTICULAS D,4,PIEZA
0416203MM0000,FILTRO 3M 2097 VAPORES ORGANICOS D,4,PIEZA
0420003MM0000,FILTRO 3M 7093 PPARTICULAS D,4,PIEZA
0420013MM0000,FILTRO 3M 7093C PPARTICULAS D,4,PIEZA
0425503MM0000,PREFILTRO 3M 5N11 PPARTICULAS D,4,PIEZA
0425553MM0000,PREFILTRO 3M 5P71 PPARTICULAS D,4,PIEZA
0430003MM0000,RESP. 3M 8210 PPARTICULAS ,4,PIEZA
0430703MM0000,RESP. 3M 8214 PHUMOS DE SOLDAD. D,4,PIEZA
0430903MM0000,RESP. 3M 8246 PPART. Y GASES D,4,PIEZA
0431003MM0000,RESP. 3M 8247 PPART. Y V.O. D,4,PIEZA
0431203MM0000,RESP. 3M 8511 PPARTICULAS CVALV D,4,PIEZA
0431353MM0000,RESP. 3M 8514 PHUMOS Y NEBLINAS ,4,PIEZA
0431403MM0000,RESP. 3M 8515 PHUMOS DE SOLDADURA D,4,PIEZA
0431503MM0000,RESP. 3M 8576 PPART. Y GASES D,4,PIEZA
0431703MM0000,RESP. 3M 8577 PPART. Y V.O D,4,PIEZA
0431803MM0000,RESP. 3M 9002 POLVOS Y NEBLINA D,4,PIEZA
0431903MM0001,RESP. 3M 9010  PPARTICULAS ,4,PIEZA
0432103MMCH00,RESPIRADOR 3M 6100 MEDIA CARA CH. D,4,PIEZA
0432303MM0000,RESPIRADOR 3M 6200 MEDIA CARA MED. D,4,PIEZA
0432303MMGD00,RESPIRADOR 3M 6300 MEDINA CARA GDE,4,PIEZA
0432403MM0000,RESPIRADOR 3M 6800 CARA COMPLETA MED. D,4,PIEZA
0433003MM0000,RESPIRADOR 3M 7501 2  3 SILICON   D,4,PIEZA
0433103MM0000,RETENEDOR 3M MOD. 501 D,4,PIEZA
043330ALY00AZ,CUBREBOCA ALY 3 CAPAS LCCEA PLISADO AZ,4,PIEZA
043820JYR00AZ,CUBRE BOCA JYR 1094B PLISADO AZ ,4,PIEZA
043821JRY00AZ,CUBRE BOCA JYR 1095 PZ AZ ,4,PIEZA
043821JRY00BC,CUBRE BOCA JYR 1095  PZ BC ,4,PIEZA
043821JYR00NG,RESPIRADOR JYR REX100 1CARTUCHO D,4,PIEZA
043821MRS0000,CUBRE BOCA MRS SP1005 PLISADO AZ ,4,PIEZA
043821TAC0000,CUBRE BOCA MRS PLISADO SP1005 BC VD,4,PIEZA
043822TAC00NG,MASCARILLA TAC N95 CACT CVAL. NGD,4,PIEZA
043823TAC00BC,MASCARILLA TAC N95 SVALVULA BC D,4,PIEZA
043824TAC00BC,MASCARILLA TAC N95 CVALVULA BC D,4,PIEZA
043851HON0000,RESP. HONEYWELL 14110445 NBW95V D,4,PIEZA
043852HON0000,RESP. HONEYWELL 14110397 N1125OV D,4,PIEZA
043860DER0000,MASCARILLA DERMA PPOLVOS RD111 ,4,PIEZA
043870ECO0000,MASC SOBMEX  P POLVOS 210 EOS ,4,PIEZA
043871ECO0000,MASC. SOBMEX CCARBON ACTIVADO 211PRO,4,PIEZA
043872ECO0000,MASC. SOBMEX PHUMOS META. 212CVE ,4,PIEZA
043910JYR0000,MASCARILLA JYRSA PPOLVO MP101 BC D,4,PIEZA
043950NF0000,RESPIRADOR INFRA 4M430W SENCILLO  ,4,PIEZA
043954INF0000,RESPIRADOR INFRA SIMPLE CCART BLISS ,4,PIEZA
043955INF0000,RESPIRADOR INFRA DOBLE CCART BLISD ,4,PIEZA
043970INF00AM,CARTUCHO INFRA V.O. Y G.A 4C5003 AM ,4,PIEZA
043970INF00NG,CARTUCHO INFRA VAP. ORG. 4C5001 NG ,4,PIEZA
043970INF00VD,CARTUCHO INFRA AMONGAS ALCA 4C5004 VD,4,PIEZA
043970INF00VL,CARTUCHO INFRA PARTHMSPLVO 4C5008 VL,4,PIEZA
044009MLX0000,CARTUCHO MOLDEX 7100 PVAP. ORG D,4,PIEZA
044030MLX0000,CARTUCHO MOLDEX 8600 MULTIGASVAPOR D,4,PIEZA
044090MLX0000,RESP. MOLDEX 2200N95 POLVOSNIEBLAS D,4,PIEZA
044120MLX0000,RESP. MOLDEX 2600N95 POLVO NEB D,4,PIEZA
044120MLX00NG,RESP. MOLDEX 2600N95 NEGRA D,4,PIEZA
044130MLX0000,RESP. MOLDEX 2700N95 POLNIEB. CVALV D,4,PIEZA
044130MLX00NG,RESP. MOLDEX 2700N95 POLNIEB. NG D,4,PIEZA
044140MLX0000,RESP. MOLDEX 2800N95 PHUMOS DE SOLD.D,4,PIEZA
044140MLX00NG,RESP. MOLDEX 2800N95 PSOLD. NG D,4,PIEZA
044160MLX0000,RESPIRADOR MOLDEX 8102 PVAP. ORG. D,4,PIEZA
044370MSA0000,RESP. MSA AFINITY 2550 CV CARBON. ACT D,4,PIEZA
044371MSA0000,RESPIRADOR MSA AFFINITY 3500 PLEGABLE ,4,PIEZA
044445SKD0000,EQ. AUTONOMO SKD SCBAP60FC CESTUCHE D,4,KIT
051060ADX08NG,GUANTE ADEX LATEX CACIDO 4508 NEGRO ,5,PAR
051060ADX0900,GUANTE ADEX LATEX CACIDO 4509 NEGRO ,5,PAR
051070ADX45VD,GUANTE ADEX VINILEX CRESPALDO VR450 ,5,PAR
051105AIM0000,PULSERA AIM ANTIESTATICA LATCH TOP D,5,PIEZA
051120ANS0700,GUANTE ANSELL CANNERS LATEX M620N T7 ,5,PAR
051120ANS0800,GUANTE ANSELL CANNERS LATEX M620N T8 ,5,PAR
051120ANS0900,GUANTE ANSELL CANNERS LATEX M620N T9 ,5,PAR
051180ANS0900,GUANTE ANSELL CRUSADER FLEX 42474 14 ,5,PAR
051191ANS0800,GUANTE ANSELL EDGE 48305 T8,5,PIEZA
051191ANS0900,GUANTE ANSELL EDGE 48305 T9,5,PIEZA
051301ANS07AM,GUANTE ANSELL POWERFLEX 80400 T7 AM ,5,PAR
051356AOS00VD,MICA AO TUFFMASTER WP96IR5 SOMBRA 5 D,5,PIEZA
051400ANS06VD,GUANTE ANSELL SOLVEX NITRILO 37175 T6 D,5,PAR
051400ANS07VD,GUANTE ANSELL SOLVEX NITRILO 37175 T7 D,5,PAR
051400ANS08VD,GUANTE ANSELL SOLVEX NITRILO 37175 T8 D,5,PAR
051400ANS09VD,GUANTE ANSELL SOLVEX NITRILO 37175 T9 D,5,PAR
051431AMBGDBC,GUANTE AMB 100101013 DISP LTX GD BC ,5,CAJA
051431AMBMDBC,GUANTE AMB 100101013 DISP LTX  MD BC ,5,CAJA
051432AMBCHAZ,GUANTE AMB 100106032 DIS NITR SP CH AZ,5,CAJA
051432AMBGDAZ,GUANTE AMB 100106034 DIS NITR SP GD AZ,5,CAJA
051432AMBMDAZ,GUANTE AMB 100106033 DIS NITR SP MD AZ,5,CAJA
051433AMBGDRJ,GUANTE AMB 120100094 LATEX GD RJ ,5,PAR
051433AMBMDRJ,GUANTE AMB 120100092 LATEX MD RJ ,5,PAR
051433APA0000,MUnEQUERA APA 3 CON DEDAL ,5,PIEZA
051434AMBMDBC,GUANTE AMB ESTERIL DISP LTX 100 PZAS,5,CAJA
051441ANS0900,GUANTE 58535 ALPHATEC A9201142 T9 D,5,PAR
051460BRI07NG,GUANTE BRI 3181 POLIUR T7 NG D,5,PAR
051460BRI09NG,GUANTE BRI 3181 POLIUR T9 NG D,5,PAR
051461BRI07GR,GUANTE BRI 3282 NITRILO T7 GR D,5,PAR
051461BRI08GR,GUANTE BRI 3282 NITRILO T8 GR D,5,PAR
051462BRI07AZ,GUANTE GRE 967 LATEX T7 AZ D,5,PAR
051462BRI08AZ,GUANTE GRE 967 LATEX T8 AZ D,5,PAR
051462BRI09AZ,GUANTE GRE 967 LATEX T9 AZ D,5,PAR
051500CRMST00,GUANTE MUSTANG DERMA LONACARN 99602 ,5,PAR
051575CRMCH00,GUANTE MEMPHIS HERO SX93860 TCH ,5,PAR
051575CRMMD00,GUANTE MEMPHIS HERO SX93860 TMD ,5,PAR
051580CRM0000,GUANTE MEMPHIS PREDATOR NITRILO 9781MD,5,PAR
051583CRM00GD,GUANTE CHEETAH 935 GD D,5,PAR
051600DER07BC,GUANTE DERMA DAMASCO NYLON 51000 T7 ,5,PAR
051600DER08BC,GUANTE DERMA DAMASCO NYLON 51000 T8 ,5,PAR
051630DER00NJ,GUANTE DERMA 51816 T6,5,PAR
051640DER13NG,GUANTE DERMA CACIDOS 56300 33 T8 NG,5,PAR
051640DER14NG,GUANTE DERMA CACIDOS 56300 33 T9 NG ,5,PAR
051650DER08NG,GUANTE DERMA PVC CACIDOS 56450 45 T8,5,PAR
051650DER09NG,GUANTE DERMA PVC CACIDOS 56450 45 T9,5,PAR
051670DER0800,GUANTE DERMACRON NITR PCAL 67602 T10,5,PAR
051670DER0900,GUANTE DERMACRON NITR PCALC 67602 T9,5,PAR
051690DER0600,GUANTE DERMACUT 51625 ANTICORTE T6 ,5,PAR
051690DER0700,GUANTE DERMACUT 51625 ANTICORTE T7 ,5,PAR
051690DER0800,GUANTE DERMACUT 51625 ANTICORTE T8 ,5,PAR
051690DER0900,GUANTE DERMACUT 51625 ANTICORTE T9 ,5,PAR
051720DER06NG,GUANTE DERMAFLEX NYL NIT 51811 T6 NG,5,PAR
051720DER07NG,GUANTE DERMAFLEX NYL NIT 51811 T7 NG,5,PAR
051720DER08NG,GUANTE DERMAFLEX NYL NIT 51811 T8 NG,5,PAR
051720DER09NG,GUANTE DERMAFLEX NYL NIT 51811 T9 NG,5,PAR
051735DER0900,GUANTE DERMAFLEX  NITRILO 51920 T9,5,PAR
051738DER0700,GUANTE DERMAGRIP FLEX NYL 51975 T7 ,5,PAR
051738DER0800,GUANTE DERMAGRIP FLEX NYL 51975 T8 ,5,PAR
051738DER0900,GUANTE DERMAGRIP FLEX NYL 51975 T9 ,5,PAR
051750DER05GR,GUANTE APARTADO NYL POLIU. 51600 T5 ,5,PAR
051750DER06GR,GUANTE APARTADO NYL POLIU. 51600 T6 ,5,PAR
051750DER06NG,GUANTE DERMAFLEX NYL POLIU 51600 T6 ,5,PAR
051750DER07GR,GUANTE APARTADO NYL POLIU. 51600 T7 ,5,PAR
051750DER07NG,GUANTE DERMAFLEX NYL POLIU 51600 T7 ,5,PAR
051750DER08GR,GUANTE APARTADO NYL POLIU. 51600 T8 ,5,PAR
051750DER08NG,GUANTE DERMAFLEX NYL POLIU 51600 T8 ,5,PAR
051750DER09GR,GUANTE APARTADO NYL POLIU. 51600 T9 ,5,PAR
051750DER09NG,GUANTE DERMAFLEX NYL POLIU 51600 T9 ,5,PAR
051750DER10NG,GUANTE DERMAFLEX NYL POLIU 51600 T10,5,PAR
051751DER07GR,GUANTE DERMAFLEX POLIU. 51610 T7,5,PAR
051751DER08GR,GUANTE DERMAFLEX POLIU. 51610 T8,5,PAR
051751DER09GR,GUANTE DERMAFLEX POLIU. 51610 T9 ,5,PAR
051760DER08AZ,GUANTE DERMAGRIP FLEX LATEX 16975 T8,5,PAR
051760DER09AZ,GUANTE DERMAGRIP FLEX LATEX 16975 T9,5,PAR
051820DER09AZ,GUANTE DERMALITE NITRILO 87402 T9 ,5,PAR
051905DER0000,GUANTE DERMA SHARK PIEL CERDO 99890 ,5,PAR
051910DERSTRJ,GUANTE KINGCOBRA SOLD TAME. 99814 RJ,5,PAR
051920DERSTAZ,GUANTE KINGCOBRA SOLD TAME 99818 AZ ,5,PAR
051941DEX07VD,GUANTE DEX 715F NITRILO T7 VD D,5,PAR
051941DEX08VD,GUANTE DEX 715F NITRILO T8 VD D,5,PAR
051941DEX09VD,GUANTE DEX 715F NITRILO T9 VD D,5,PAR
052200GMX0000,GUANTE MCR JAPONES SX190LHN2 .NG,5,PAR
052250GNT0GBC,GUANTE GNT DAMASCO NYLON 223LQ GD ,5,PAR
052260GNT0MBC,GUANTE GNT DAMASCO NYLON 223MQ MD ,5,PAR
052270GNTCHBC,GUANTE GNT DAMASCO NYLON 223SQ CH ,5,PAR
052310GNTGD00,GUANTE MCR JAPONES PTOS PVC SX9667S CH,5,PAR
052310GNTMD00,GUANTE MCR JAPONES PTOS PVC SX9668L GD,5,PAR
052330GNT0MCR,GUANTE GNT JAPONES T4024 MD CRUDO ,5,PAR
052355GTK0000,GUANTE SUK975  FLEXTUFF CLATEX T8 ,5,PAR
052410GRA04VD,CINTA PROTECTORA DEDAL TUK 2818MM 4,5,PIEZA
052420CJS00AZ,GUANTE SOLDADOR CJS AZUL CREF. AZ ,5,PAR
052420CJS01AZ,GUANTE SOLD. REF. MEZC CJS AZ CKEVL  ,5,PAR
052420GRA34CF,GUANTE SOLDADOR CJS AZUL CHILO KEVLAR ,5,PAR
052560IMT0000,GUANTELETA IMT TCICLIS CREF. OSCARIA,5,PAR
052660IMT1000,GUANTE IMT OSCARIA ARGONERO 10 CCAMP,5,PAR
052660IMT1100,GUANTE IMT OSCARIA ARGONERO 11 CCAMP,5,PAR
052830IMT1100,GUANTE IMT MEDIO OPERADOR PIEL CARNAZA,5,PAR
052850IMT0000,GUANTE IMT OPERADOR PUnO LARGO 10 CM ,5,PAR
052900JYR00NG,MUnEQUERA JYR1060  3 ,5,PIEZA
052950LAC00AZ,GUANTE LAC 9507 JAPONES PCARNAZA ,5,PAR
053060MAP07AZ,GUANTE MAPA DUOMIX 405 LATEX T7 ,5,PAR
053060MAP08AZ,GUANTE MAPA DUOMIX 405 LATEX T8 D,5,PAR
053060MAP09AZ,GUANTE MAPA DUOMIX 405 LATEX T9 D,5,PAR
053295MAP07VD,GUANTE MAPA STANSOLV AF15 NITRILO T7 D,5,PAR
053295MAP08VD,GUANTE MAPA STANSOLV AF15 NITRILO T8 D,5,PAR
053295MAP09VD,GUANTE MAPA STANSOLV AF15 NITRILO T9 D,5,PAR
053350MAP09NG,GUANTE MAPA TECHNIC 450 NEOPR. T9 D,5,PAR
053360MAP08NG,GUANTE MAPA TEMPTEC NL56 NEOPR. T9 D,5,PAR
053392MAP09AZ,GUANTE MAPA TITAN 392 NITRILO T9 D,5,PAR
053420MAP06NG,GUANTE MAPA ULTRANE 548 POLIURET. T6 D,5,PAR
053420MAP07NG,GUANTE MAPA ULTRANE 548 POLIURET. T7 D,5,PAR
053420MAP08NG,GUANTE MAPA ULTRANE 548 POLIURET. T8 D,5,PAR
053420MAP09NG,GUANTE MAPA ULTRANE 548 POLIURET. T9 D,5,PAR
053450MAP06GR,GUANTE MAPA ULTRANE 551 POLIUR.T6 GR D,5,PAR
053450MAP07GR,GUANTE MAPA ULTRANE 551 POLIUR.T7 GR D,5,PAR
053450MAP08GR,GUANTE MAPA ULTRANE 551 POLIUR.T8 GR D,5,PAR
053450MAP09GR,GUANTE MAPA ULTRANE 551 POLIUR.T9 GR D,5,PAR
053480MAP06GR,GUANTE MAPA ULTRANE 553 NITRILO T6 GR D,5,PAR
053480MAP07GR,GUANTE MAPA ULTRANE 553 NITRILO T7 GR D,5,PAR
053480MAP08GR,GUANTE MAPA ULTRANE 553 NITRILO T8 GR D,5,PAR
053500MAP05NG,GUANTE MAPA ULTRANE 554 T5 NG ,5,PAR
053510MAP08JA,GUANTE MAPA KRYTECH 557 DYNEEM T8 D,5,PAR
053525MAP0800,GUANTE MAPA KRYTECH 586 T8 D,5,PAR
053545MAP0800,GUANTE MAPA KRYNIT PLUS 587 T8 ,5,PAR
053550MBA0000,GUANTE MBA CARNAZA CORTO ECONOMICO,5,PAR
053560MBA0000,GUANTE MBA CARNAZA LARGO ECONOMICO,5,PAR
053581RAD0000,GUANTE RAD CARNAZA CORTO 12 OPERADOR ,5,PAR
053585MGI0000,GUANTE MGI JAPONES CP PVC A2001 AZ ,5,PAR
053587MGI0800,GUANTE MGI GIPN3 POLINITRI NGAZ T8 D,5,PAR
053591MGI0000,GUANTELETA MGI JAPONES A1000 SD ,5,PAR
053600MGIMDAZ,GUANTE MGI JAPONES A2001N TMD NG,5,PAR
053780MVVST00,GUANTE RAD OSC 12 OPER CREF DEDOSPAL,5,PAR
053796MRS0000,GUANTE MRS SG1034 ANTIIMPACTO KATANA,5,PAR
053830RADSTAM,GUANTE RAD OSC OPERADOR O ELECTRICISTA,5,PAR
053835RAD3500,GUANTE GRJ 12 OPER REF EXTDEDO 35 ,5,PAR
053840RGF0000,GUANTE RGF CARNAZA CORTO ,5,PAR
053850RGF0000,GUANTE RGF CARNAZA LARGO ,5,PAR
053890RGFST00,GUANTE RGF LONETA Y CARNAZA ,5,PAR
053930SEM4000,GUANTE SEM ALUM 120GKC45 CCARN Y FN D,5,PAR
054202SFT05BC,GUANTE SAFE DEX SF1340 POLIUR. T5 BC D,5,PAR
054202SFT05NG,GUANTE SAFE DEX SF1338 POLIURET T5 NG D,5,PAR
054202SFT06BC,GUANTE SAFE DEX SF1340 POLIUR. T6 BC D,5,PAR
054202SFT06NG,GUANTE SAFE DEX SF1338 POLIURET T6 NG D,5,PAR
054202SFT07BC,GUANTE SAFE DEX SF1340 POLIUR. T7 BC D,5,PAR
054202SFT07NG,GUANTE SAFE DEX SF1338 POLIURET T7 NG D,5,PAR
054202SFT08BC,GUANTE SAFE DEX SF1340 POLIUR. T8 BC D,5,PAR
054202SFT08NG,GUANTE SAFE DEX SF1338 POLIURET T8 NG D,5,PAR
054202SFT09NG,GUANTE SAFE DEX SF1338 POLIURET T9 NG D,5,PAR
054203SFT0600,GUANTE SAFE NITRI SF1339 NTRL T6 NG D,5,PAR
054203SFT0700,GUANTE SAFE NITRI SF1339 NTRL T7 NG D,5,PAR
054203SFT0800,GUANTE SAFE NITRI SF1339 NTRL T8 NG D,5,PAR
054203SFT0900,GUANTE SAFE NITRI SF1339 NTRL T9 NG D,5,PAR
054204SFT06BC,GUANTE SAFE STATIC SF1350E T6 BC D,5,PAR
054204SFT07BC,GUANTE SAFE STATIC SF1350E T7 BC D,5,PAR
054204SFT08BC,GUANTE SAFE STATIC SF1350E T8 BC D,5,PAR
054204SFT09BC,GUANTE SAFE STATIC SF1350E T9 BC D,5,PAR
054205SFT0600,GUANTE SAFE MAX FLEX SF1400 PUTOT T6 D,5,PAR
054205SFT0700,GUANTE SAFE MAX FLEX SF1400 PUTOT T7 D,5,PAR
054205SFT0800,GUANTE SAFE MAX FLEX SF1400 PUTOT T8 D,5,PAR
054205SFT0900,GUANTE SAFE MAX FLEX SF1400 PUTOT T9 D,5,PAR
054210SFT0600,GUANTE SAFE SF1500 POLIUR ANTICOR T6 D,5,PAR
054210SFT0700,GUANTE SAFE SF1500 POLIUR ANTICOR T7 D,5,PAR
054210SFT0900,GUANTE SAFE SF1500 POLIUR ANTICOR T9 D,5,PAR
054210STF0800,GUANTE SAFE SF1500 POLIUR ANTICOR T8 D,5,PAR
054212SFT0500,GUANTE SAFE NITFOAM BLACK SF1502 T5 D,5,PAR
054212SFT0600,GUANTE SAFE NITFOAM BLACK SF1502 T6 D,5,PAR
054212SFT0700,GUANTE SAFE NITFOAM BLACK SF1502 T7 D,5,PAR
054212SFT0800,GUANTE SAFE NITFOAM BLACK SF1502 T8 D,5,PAR
054212SFT0900,GUANTE SAFE NITFOAM BLACK SF1502 T9 D,5,PAR
054213SFT0700,GUANTE EXTRA SAFE SF1503 T7 POLIUR. D,5,PAR
054213SFT0800,GUANTE EXTRA SAFE SF1503 T8 POLIUR. D,5,PAR
054214SFT0700,GUANTE SAFE FIT SF503 T7 D,5,PIEZA
054214SFT0800,GUANTE SAFE FIT SF503 T8 D,5,PIEZA
054217SFT0700,GUANTE EXTRA SAFE SF1505 T7 D,5,PAR
054217SFT0800,GUANTE EXTRA SAFE SF1505 T8 D,5,PAR
054217SFT0900,GUANTE EXTRA SAFE SF1505 T9 D,5,PAR
054218SFT0600,GUANTE EXTRA SAFE ANTICORTE SF1504 T6 D,5,PAR
054218SFT0700,GUANTE EXTRA SAFE ANTICORTE SF1504 T7 D,5,PAR
054218SFT0800,GUANTE EXTRA SAFE ANTICORTE SF1504 T8 D,5,PAR
054219SFT0800,GUANTE SAFE FIT TRACK SF1506 T8 D,5,PAR
054219SFT0900,GUANTE SAFE FIT TRACK SF1506 T9 D,5,PAR
054221SFT0600,GUANTE SAFE NITR. 1339 ECONOMICO T6 D,5,PAR
054221SFT0700,GUANTE SAFE NITR. 1339 ECONOMICO T7 D,5,PAR
054221SFT0800,GUANTE SAFE NITR. 1339 ECONOMICO T8 D,5,PAR
054221SFT0900,GUANTE SAFE NITR. 1339 ECONOMICO T9 D,5,PAR
054222SFT0600,GUANTE EXTRA SAFE BLACK SF1507 T6 D,5,PAR
054222SFT0700,GUANTE EXTRA SAFE BLACK SF1507 T7 D,5,PAR
054222SFT0800,GUANTE EXTRA SAFE BLACK SF1507 T8 D,5,PAR
054222SFT0900,GUANTE EXTRA SAFE BLACK SF1507 T9 D,5,PAR
054223SFT0700,GUANTE SFT509 ANTICORTE Y TEMP. T7 D,5,PAR
054223SFT0800,GUANTE SFT509 ANTICORTE Y TEMP. T8 D,5,PAR
054223SFT0900,GUANTE SFT509 ANTICORTE Y TEMP. T9 D,5,PAR
054224SFT0600,GUANTE SF1338 ECONOMICO POLIUR. T6 D,5,PAR
054224SFT0700,GUANTE SF1338 ECONOMICO POLIUR. T7 D,5,PAR
054224SFT0800,GUANTE SF1338 ECONOMICO POLIUR. T8 D,5,PAR
054224SFT0900,GUANTE SF1338 ECONOMICO POLIUR. T9 D,5,PAR
054225SFTGDVD,GUANTE SF4630 NITRILO GD VD D,5,PAR
054225SFTMDVD,GUANTE SF4630 NITRILO MD VD D,5,PAR
054225SFTXLVD,GUANTE SF4630 NITRILO XL VD D,5,PAR
054226SFT07AM,GUANTE SF T700 GRIP POWER ALTA TEMP T7D,5,PAR
054226SFT08AM,GUANTE SF T700 GRIP POWER ALTA TEMP T8D,5,PAR
054226SFT08GR,GUANTE SFT601 ALTA TEMP PALMCARNA T8D,5,PAR
054226SFT09GR,GUANTE SFT601 ALTA TEMP PALMCARNA T9D,5,PAR
054226SFT10GR,GUANTE SFT601 ALTA TEMP PALMCARN T10D,5,PAR
054226STF09AM,GUANTE SF T700 GRIP POWER ALTA TEMP T9D,5,PAR
054227SFT07NG,GUANTE SF T501 ANTICORTE T7 NG D,5,PAR
054228SFT08AZ,GUANTE SF 6885 NITRILO PCALCE T8 AZ D,5,PAR
054228SFT09AZ,GUANTE SF 6885 NITRILO PCALCE T9 AZ D,5,PAR
054300PRI05NG,GUANTE PRIO POLIUR. XXS NG D,5,PAR
054300PRI06NG,GUANTE PRIO POLIUR. XS NG D,5,PAR
054300PRI07NG,GUANTE PRIO POLIUR. S NG D,5,PAR
054300PRI08NG,GUANTE PRIO POLIUR. M NG D,5,PAR
054300PRI09NG,GUANTE PRIO POLIUR. L NG D,5,PAR
054301PRI05BC,GUANTE PRIO POLIUR. XXS BC D,5,PAR
054301PRI06BC,GUANTE PRIO POLIUR. XS BC D,5,PAR
054301PRI07BC,GUANTE PRIO POLIUR. S BC D,5,PAR
054301PRI08BC,GUANTE PRIO POLIUR MD BC D,5,PAR
054302PRI08NG,GUANTE PRIOS APARTADO POLIUR. M NG ,5,PAR
054302PRI09NG,GUANTE PRIOS APARTADO POLIUR. XXS NG ,5,PAR
054330VRG0000,GUANTELETA VRG JAPONES PALMA CARNAZA ,5,PAR
054340VRG0000,GUANTE JAPONES CPLMA CARNAZA AC2005GV,5,PAR
054340VRGST00,GUANTE VRG JAPONES CPALMA CARNAZA ,5,PAR
054400PRICHNG,GUANTE PRIO NITRILO CH NG  D,5,PAR
054400PRIGDNG,GUANTE PRIO NITRILO GD NG  D,5,PAR
054400PRIMDNG,GUANTE PRIO NITRILO MD NG  D,5,PAR
054400PRIXSNG,GUANTE PRIO NITRILO XS NG D,5,PIEZA
054500PRICH00,GUANTE PRIO ANTICORTE POLIUR. CH D,5,PAR
054500PRIGD00,GUANTE PRIO ANTICORTE POLIUR. GD D,5,PAR
054500PRIMD00,GUANTE PRIO ANTICORTE POLIUR. MD D,5,PAR
054600PRICH00,GUANTE PRIO ANTICORTE NITRILO CH D,5,PAR
054600PRIGD00,GUANTE PRIO ANTICORTE NITRILO GD D,5,PAR
054600PRIMD00,GUANTE PRIO ANTICORTE NITRILO MD D,5,PAR
055000DEX05GR,GUANTE DEX POWER 5412 POLIUR. T5 GR D,5,PAR
055000DEX06GR,GUANTE DEX POWER 5412 POLIUR. T6 GR D,5,PAR
055000DEX07GR,GUANTE DEX POWER 5412 POLIUR. T7 GR D,5,PAR
055000DEX08GR,GUANTE DEX POWER 5412 POLIUR. T8 GR D,5,PAR
055000DEX09GR,GUANTE DEX POWER 5412 POLIUR. T9 GR D,5,PAR
055010DEX05NG,GUANTE DEX POWER 5410 POLIUR. T5 NG D,5,PAR
055010DEX06NG,GUANTE DEX POWER 5410 POLIUR. T6 NG D,5,PAR
055010DEX07NG,GUANTE DEX POWER 5410 POLIUR. T7 NG D,5,PAR
055010DEX08NG,GUANTE DEX POWER 5410 POLIUR. T8 NG D,5,PAR
055010DEX09NG,GUANTE DEX POWER 5410 POLIUR. T9 NG D,5,PAR
055011DEX05NG,GUANTE GRE 910 T5 NG D,5,PAR
055011DEX06NG,GUANTE GRE 910 T6 NG D,5,PAR
055011DEX07NG,GUANTE GRE 910 T7 NG D,5,PAR
055011DEX08NG,GUANTE GRE 910 T8 NG D,5,PAR
055011DEX09NG,GUANTE GRE 910 T9 NG D,5,PAR
055011DEX10NG,GUANTE GRE 910 T10 NG D,5,PAR
055012DEX06GR,GUANTE GRE 923 T6 GR D,5,PAR
055012DEX07GR,GUANTE GRE 923 T7 GR D,5,PAR
055012DEX08GR,GUANTE GRE 923 T8 GR D,5,PAR
055012DEX09GR,GUANTE GRE 923 T9 GR D,5,PAR
055015DEX08AZ,GUANTE GRE 960 REC TOTAL NITRILO T8 D,5,PAR
055060DEX08AZ,GUANTE DEX NITRILO SPOLVO 704P T8 AZ D,5,CAJA
055061DEX07AZ,GUANTE DEX NITRILO SPOLVO 704CF T7 AZD,5,CAJA
055061DEX08AZ,GUANTE DEX NITRILO SPOLVO 704CF T8 AZD,5,CAJA
061165APA00CH,FAJA ELASTICA APA 8 MOD 1814 TCH ,6,PIEZA
061165APA00GD,FAJA ELASTICA APA 8  MOD 1814 TGD ,6,PIEZA
061165APA00MD,FAJA ELASTICA APA 8  MOD 1814 TMD ,6,PIEZA
061165APA00XL,FAJA ELASTICA APA 8  MOD 1814 TXL ,6,PIEZA
061166APA002X,FAJA ELAST. APA C3ER C. 18143CS TXXL ,6,PIEZA
061166APA00CH,FAJA ELAST. APA C3ER C. 18143CS TCH ,6,PIEZA
061166APA00GD,FAJA ELAST. APA C3ER C. 18143CS TGD ,6,PIEZA
061166APA00MD,FAJA ELAST. APA C3ER C. 18143CS TMD ,6,PIEZA
061166APA00XL,FAJA ELAST. APA C3ER C. 18143CS TXL ,6,PIEZA
061167APA00CH,CARRILLERA APA DE SEGURIDAD CH ,6,PIEZA
061167APA00GD,CARRILLERA APA DE SEGURIDAD GD ,6,PIEZA
061167APA00MD,CARRILLERA APA DE SEGURIDAD MD ,6,PIEZA
061167APA00XL,CARRILLERA APA DE SEGURIDAD XL ,6,PIEZA
061200AIM0L00,OVEROL JYR ANTIESTATICO STK6000 TGD D,6,PIEZA
061200AIM2XL0,OVEROL JYR ANTIESTATICO STK6000 T2XL D,6,PIEZA
061200AIMCH00,OVEROL JYR ANTIESTATICO STK6000 CH D,6,PIEZA
061200AIMMD00,OVEROL JYR ANTIESTATICO STK6000 TMD D,6,PIEZA
061200AIMXL00,OVEROL JYR ANTIESTATICO STK6000 TXL D,6,PIEZA
061205AIMGDGR,OVEROL AIM ANTIESTATICO AZ REY TGD D,6,PIEZA
061335JYRCH00,BATA JYR ANTIESTATICA STK5000 CH D,6,PIEZA
061335JYRGD00,BATA JYR ANTIESTATICA STK5000 GD D,6,PIEZA
061335JYRMD00,BATA JYR ANTIESTATICA STK5000 MD D,6,PIEZA
061500CCA3400,OVEROL CCA ANTIESTATICO T34 D,6,PIEZA
061500CCA3600,OVEROL CCA ANTIESTATICO T36 D,6,PIEZA
061500CCA3800,OVEROL CCA ANTIESTATICO T38 D,6,PIEZA
061500CCA4000,OVEROL CCA ANTIESTATICO T40 D,6,PIEZA
061500CCA4200,OVEROL CCA ANTIESTATICO T42 D,6,PIEZA
061500CCA4400,OVEROL CCA ANTIESTATICO T44 D,6,PIEZA
061500CCA4600,OVEROL CCA ANTIESTATICO T46 D,6,PIEZA
061500CCA4800,OVEROL CCA ANTIESTATICO T48 D,6,PIEZA
061550CCA34AZ,PANTALON CCA GABARDINA,6,PIEZA
061656PRI2X00,OVEROL DESECHABLE PRIO 2XL ,6,PIEZA
061656PRIGD00,OVEROL DESECHABLE PRIO GD ,6,PIEZA
061656PRIMD00,OVEROL DESECHABLE PRIO MD ,6,PIEZA
061656PRIXL00,OVEROL DESECHABLE PRIO XL ,6,PIEZA
061810CRMCH00,CHAMARRA MEMPHIS SX39030S ANTIFLAMA CH ,6,PIEZA
061810CRMGD00,CHAMARRA MEMPHIS SX39030L ANTIFLAMA GD ,6,PIEZA
061810CRMMD00,CHAMARRA MEMPHIS SX39030M ANTIFLAMA MD ,6,PIEZA
061850DER0000,CAPAMANGA DERMA l4040 ,6,PIEZA
061940DER0000,GABARDINA DERMA LARGA I4249 AM TXL ,6,PIEZA
061940DERMDAM,GABARDINA DERMA LARGA I4249 AM TMD ,6,PIEZA
061948JYRGD00,GABARDINA JYR DD1220 TGD AM,6,PIEZA
061948JYRMD00,GABARDINA JYR DD1220 TMD AM,6,PIEZA
062000DEREGAM,IMPERMEABLE DERMA 2 PZS. I6002 AM TXL,6,PIEZA
062000DERGDAM,IMPERMEABLE DERMA 2 PZS I6002 AM TGD,6,PIEZA
062000DERMDAM,IMPERMEABLE DERMA 2 PZS I6002 AM TMD,6,PIEZA
062100DER00AZ,MANDIL TRJ MEZCLILLA 60X90 SBOLSA AZ,6,PIEZA
062150DER00BC,MANDIL DERMA PVC I96101 BCO. ,6,PIEZA
062180DER0000,MANDIL DERMA PVC CPARCHE I96103 BC,6,PIEZA
062202DER0000,MANGA JPL 18 MEZCLILLA AZ ,6,PAR
062210DER2XL0,OVEROL DERMA MICROMAX LKMT 428 2XL ,6,PIEZA
062210DERGD00,OVEROL DERMA MICROMAX LKMT428 GD ,6,PIEZA
062210DERMD00,OVEROL DERMA MICROMAX LKMT428 MD ,6,PIEZA
062210DERXL00,OVEROL DERMA MICROMAX  LKMT428 XL ,6,PIEZA
062211DUPXL00,OVEROL DUPONT NEXGEN TXL D,6,PIEZA
062260DEXXLBC,OVEROL DEX DESECHABLE XL D,6,PIEZA
062361LAK0018,MANGA LAK KEVLAR 18 ECON. SX9378TE D,6,PIEZA
062381DUPGDAM,OVEROL DUPONT QC127S CCAP TGD AM D,6,PIEZA
062381DUPMDAM,OVEROL DUPONT QC127S CCAP TMD AM D,6,PIEZA
062381DUPXLAM,OVEROL DUPONT QC127S CCAP TXL2X AM D,6,PIEZA
062460DUPGD00,OVEROL DUPONT TYVEK TY127 GD D,6,PIEZA
062460DUPLM00,OVEROL DUPONT TYVEK TY127 MD D,6,PIEZA
062480DUPXL00,OVEROL DUPONT TYVEK TY127 XL D,6,PIEZA
062480DUPXX00,OVEROL DUPONT TYVEK TY127 2XL D,6,PIEZA
062500EOMAMGD,GABARDINA DERMA LARGA I4249 AM TGD ,6,PIEZA
062570GES0000,MANDIL GES PVC CACIDOS 6090 ,6,PIEZA
062920JYRCH00,FAJA ELASTICA JYR 825 TCH ,6,PIEZA
062930JYRGD00,FAJA ELASTICA JYR 825 TGD ,6,PIEZA
062940JYRMD00,FAJA ELASTICA JYR 825 TMD ,6,PIEZA
062940JYRXL00,FAJA ELASTICA JYR 825 TXL ,6,PIEZA
063000JYR0G00,FAJA ELAS. JYR 825 C3ER CINT. TGD ,6,PIEZA
063000JYRCH00,FAJA ELAS. JYR 825 C3ER CINT. TCH ,6,PIEZA
063000JYRMD00,FAJA ELAS. JYR 825 C3ER CINT. TMD ,6,PIEZA
063000JYRXL00,FAJA ELAS. JYR 825 C3ER CINT. TXL ,6,PIEZA
063100JYRDGAM,IMPERMEABLE DRY DROP 2 PZAS AM TGD ,6,PIEZA
063250EUR3600,BATA EUR DE ALGODON T36 AZ ,6,PIEZA
063250EUR3800,BATA EUR DE ALGODON T38 AZ ,6,PIEZA
063250EUR4000,BATA EUR DE ALGODON T40 AZ ,6,PIEZA
063250EUR4200,BATA EUR DE ALGODON T42 AZ ,6,PIEZA
063252LHS0000,BATA LHS MANGA LARGA PLAB. AZ,6,PIEZA
063260LAG0000,MANDIL LBG MEZCLILLA 6090 CBOLSAS ,6,PIEZA
063500MBA2800,FAJA DE CUERO MBA TIPO PESISTA T28 ,6,PIEZA
063500MBA3000,FAJA DE CUERO MBA TIPO PESISTA T30 ,6,PIEZA
063500MBA3200,FAJA DE CUERO MBA TIPO PESISTA T32 ,6,PIEZA
063500MBA3400,FAJA DE CUERO MBA TIPO PESISTA T34 ,6,PIEZA
063500MBA3600,FAJA DE CUERO MBA TIPO PESISTA T36 ,6,PIEZA
063500MBA3800,FAJA DE CUERO MBA TIPO PESISTA T38 ,6,PIEZA
063500MBA4000,FAJA DE CUERO MBA TIPO PESISTA T40 ,6,PIEZA
063500MBA4200,FAJA DE CUERO MBA TIPO PESISTA T42 ,6,PIEZA
063500MBA4400,FAJA DE CUERO MBA TIPO PESISTA T44 ,6,PIEZA
063600MRS00GD,IMPERMEABLE MRS DZ1002 TGD ,6,PIEZA
063600MRS00MD,IMPERMEABLE MRS DZ1002 TMD ,6,PIEZA
063600MRS00XG,IMPERMEABLE MRS DZ1002 TXL ,6,PIEZA
063601MRS00GD,GABARDINA MRS LARGA DZ1001R TGD ,6,PIEZA
063601MRS00MD,GABARDINA MRS LARGA DZ1001R TMD ,6,PIEZA
063601MRS00XL,GABARDINA MRS LARGA DZ1001R TXL ,6,PIEZA
063621MRSXLNJ,IMPERMEABLE MRS 2P DZ1005NJ TXL ,6,PIEZA
063622MRSGDAM,IMPERMEABLE MRS 2P DZ1005VD TGD ,6,PIEZA
063622MRSMDAM,IMPERMEABLE MRS 2P DZ1005VD TMD ,6,PIEZA
063622MRSXLAM,IMPERMEABLE MRS 2P DZ1005VD TXL ,6,PIEZA
064300RIVGDVD,JUEGO 2 PZAS DOMINATOR CQUIM 3882 GDD,6,PIEZA
064300RIVMDVD,JUEGO 2 PZAS DOMINATOR CQUIM 3882 MDD,6,PIEZA
064300RIVXLVD,JUEGO 2 PZAS DOMINATOR CQUIM 3882 XLD,6,PIEZA
064301RIVGDVD,OVEROL CRM DOMINATOR CQUIM 3881 GD D,6,PIEZA
064301RIVMDVD,OVEROL CRM DOMINATOR CQUIM 3881 MD D,6,PIEZA
064345TCN00AZ,MANDIL TRJ MEZCLILLA CON BOLSA GDE AZ ,6,PIEZA
064350RMM00BC,MANDIL TRJ MEZCLILLA 6090 AZ ,6,PIEZA
0646000SEM00CH,CHAMARRA SEM DE CARNAZA PSOLDAR TCH ,6,PIEZA
064600SEM0000,CHAMARRA SEM DE CARNAZA PSOLDAR TMD ,6,PIEZA
064600SEM00GD,CHAMARRA SEM DE CARNAZA PSOLDAR TGD ,6,PIEZA
064656SEM00GR,MANDIL SEM CARNAZA 6090 GR ,6,PIEZA
064705SEM0000,MANGA SEM CARNAZA ,6,PAR
064750SEM0G00,PANTALON SEM DE CARNAZA TGD ,6,PIEZA
064800SFT0000,MANGA SAFE SFS100 BLACK SPERANEMMA D,6,PIEZA
064801SFT0000,MANGA SAFE FIT SFT100 D,6,PIEZA
064810SPC0000,MANDIL TNM DE CARNAZA ECON ,6,PIEZA
064910STE0000,OVEROL  STEELGEN TXL ,6,PIEZA
065010STE0000,CAPAMANGA MRS DZ1003R PVC  ,6,PIEZA
065115TRJ0000,MANGA TRJ DE MEZCLILLA ,6,PAR
065200SGY3200,FAJA SGY CUERO PESISTA 4MM T32 ,6,PIEZA
065200SGY3400,FAJA SGY CUERO PESISTA 4MM T34 ,6,PIEZA
065200SGY3600,FAJA SGY CUERO PESISTA 4MM T36 ,6,PIEZA
065200SGY3800,FAJA SGY CUERO PESISTA 4MM T38 ,6,PIEZA
065200SGY4000,FAJA SGY CUERO PESISTA 4MM T40 ,6,PIEZA
065300VCG000,MANDIL JPL MEZCLILLA 9060 ECON. ,6,PIEZA
066800CJS0000,MANGA TNM CARNAZA PSOLDADOR ECON ,6,PAR
066900SUKMD00,OVEROL BRI 428 DESECHABLE MD ,6,PIEZA
066900SUKXL00,OVEROL SUK428 DESECHABLE XL ,6,PIEZA
067030EUR00AZ,OVEROL EUR ALGOD CLOGOREFLE T3646 AZ,6,PIEZA
067030EUR34AZ,OVEROL EUR ALGODON CREFLEJ T34 AZ,6,PIEZA
067030EUR34NJ,OVEROL EUR ALGODON CREFLEJ T34 NJ,6,PIEZA
067030EUR36AZ,OVEROL EUR ALGODON CREFLEJ T36 AZ,6,PIEZA
067030EUR36NJ,OVEROL EUR ALGODON CREFLEJ T36 NJ,6,PIEZA
067030EUR38AZ,OVEROL EUR ALGODON CREFLEJ T38 AZ,6,PIEZA
067030EUR38NJ,OVEROL EUR ALGODON CREFLEJ T38 NJ,6,PIEZA
067030EUR40AZ,OVEROL EUR ALGODON CREFLEJ T40 AZ,6,PIEZA
067030EUR40NJ,OVEROL EUR ALGODON CREFLEJ T40 NJ,6,PIEZA
067030EUR42AZ,OVEROL EUR ALGODON CREFLEJ T42 AZ,6,PIEZA
067030EUR42NJ,OVEROL EUR ALGODON CREFLEJ T42 NJ,6,PIEZA
067030EUR44AZ,OVEROL EUR ALGODON CREFLEJ T44 AZ,6,PIEZA
067030EUR44NJ,OVEROL EUR ALGODON CREFLEJ T44 NJ,6,PIEZA
067030EUR46AZ,OVEROL EUR ALGODON CREFLEJ T46 AZ,6,PIEZA
067030EUR46NJ,OVEROL EUR ALGODON CREFLEJ T46 NJ,6,PIEZA
067030EUR48AZ,OVEROL EUR ALGODON CREFLEJ T48 AZ,6,PIEZA
067040DEXCHAZ,CAMISA DEX MEZC. 10 OZ. CH ML AZ ,6,PIEZA
067040DEXGDAZ,CAMISA DEX MEZC. 10 OZ. GD ML AZ ,6,PIEZA
067040DEXMDAZ,CAMISA DEX MEZC. 10 OZ. MD ML AZ ,6,PIEZA
067040DEXXLAZ,CAMISA DEX MEZC. 10 OZ. XL ML AZ ,6,PIEZA
067041DEX28AZ,PANTALON DEX MEZC. 14 OZ. T28 AZ ,6,PIEZA
067041DEX30AZ,PANTALON DEX MEZC. 14 OZ. T30 AZ ,6,PIEZA
067041DEX32AZ,PANTALON DEX MEZC. 14 OZ. T32 AZ ,6,PIEZA
067041DEX34AZ,PANTALON DEX MEZC. 14 OZ. T34 AZ ,6,PIEZA
067041DEX36AZ,PANTALON DEX MEZC. 14 OZ. T36 AZ ,6,PIEZA
067041DEX38AZ,PANTALON DEX MEZC. 14 OZ. T38 AZ ,6,PIEZA
067041DEX40AZ,PANTALON DEX MEZC. 14 OZ T40 AZ ,6,PIEZA
067041DEX42AZ,PANTALON DEX MEZC. 14 OZ. T42 AZ ,6,PIEZA
070050AIM0000,TALONERA AIM ANTIESTATICAS STD D,7,PIEZA
071004BER22GF,BORCEGUI BERRENDO 362 DAMA T22 GF ,7,PAR
071004BER23AR,BORCEGUI BERRENDO 362 DAMA T23 AR ,7,PAR
071004BER23GF,BORCEGUI BERRENDO 362 DAMA T23 GF ,7,PAR
071004BER24AR,BORCEGUI BERRENDO 362 DAMA T24 AR ,7,PAR
071004BER24GF,BORCEGUI BERRENDO 362 DAMA T24 GF ,7,PAR
071004BER25GF,BORCEGUI BERRENDO 362 DAMA T25 GF ,7,PAR
071004BER26GF,BORCEGUI BERRENDO 362 DAMA T26 GF ,7,PAR
071005BER25AZ,BORCEGUI BERRENDO 366 T25 AZ ,7,PAR
071005BER26AZ,BORCEGUI BERRENDO 366 T26 AZ ,7,PAR
071005BER27AZ,BORCEGUI BERRENDO 366 T27 AZ ,7,PAR
071005BER28AZ,BORCEGUI BERRENDO 366 T28 AZ ,7,PAR
071005BER29AZ,BORCEGUI BERRENDO 366 T29 AZ ,7,PAR
071006BER25NG,BORCEGUI BERRENDO 335 T25 NG ,7,PAR
071006BER26NG,BORCEGUI BERRENDO 335 T26 NG ,7,PAR
071006BER27NG,BORCEGUI BERRENDO 335 T27 NG ,7,PAR
071006BER28NG,BORCEGUI BERRENDO 335 T28 NG ,7,PAR
071006BER29NG,BORCEGUI BERRENDO 335 T29 NG ,7,PAR
071009BER23CF,BORCEGUI BERRENDO 154D DIE T23 CF ,7,PAR
071009BER24CF,BORCEGUI BERRENDO 154D DIE T24 CF ,7,PIEZA
071009BER25CF,BORCEGUI BERRENDO 154D DIE T25 CF ,7,PAR
071009BER26CF,BORCEGUI BERRENDO 154D DIE T26 CF ,7,PAR
071009BER27CF,BORCEGUI BERRENDO 154D DIE T27 CF ,7,PAR
071009BER28CF,BORCEGUI BERRENDO 154D DIE T28 CF ,7,PAR
071009BER29CF,BORCEGUI BERRENDO 154D DIE T29 CF ,7,PAR
071009BER30CF,BORCEGUI BERRENDO 154D DIE T30 CF ,7,PAR
071010BER23LI,BORCEGUI BERRENDO 363 DAMA T23 LI ,7,PAR
071010BER24LI,BORCEGUI BERRENDO 363 DAMA T24 LI ,7,PAR
071010BER25LI,BORCEGUI BERRENDO 363 DAMA T25 LI ,7,PAR
071010BER26LI,BORCEGUI BERRENDO 363 DAMA T26 LI ,7,PAR
071010BER27LI,BORCEGUI BERRENDO 363 DAMA T27 LI ,7,PAR
071011BER27GR,BORCEGUI BERRENDO 369 DIE. T27 CF ,7,PAR
071012BER25CF,BORCEGUI BERRENDO 3011D T25 CF ,7,PAR
071012BER26CF,BORCEGUI BERRENDO 3011D T26 CF ,7,PAR
071012BER27CF,BORCEGUI BERRENDO 3011D T27 CF ,7,PAR
071012BER28CF,BORCEGUI BERRENDO 3011D T28 CF ,7,PAR
071012BER29CF,BORCEGUI BERRENDO 3011D T29 CF ,7,PAR
071012BER30CF,BORCEGUI BERRENDO 3011D T30 CF ,7,PAR
071900BRI22NG,BORCEGUI BRISCO LHT2NP DIE. T22 NG ,7,PAR
071900BRI23NG,BORCEGUI BRISCO LHT2NP DIE. T23 NG ,7,PAR
071900BRI24NG,BORCEGUI BRISCO LHT2NP DIE. T24 NG ,7,PAR
071900BRI25NG,BORCEGUI BRISCO LHT2NP DIE. T25 NG ,7,PAR
071900BRI26NG,BORCEGUI BRISCO LHT2NP DIE. T26 NG ,7,PAR
071900BRI27NG,BORCEGUI BRISCO LHT2NP DIE. T27 NG ,7,PAR
071900BRI28NG,BORCEGUI BRISCO LHT2NP DIE. T28 NG ,7,PAR
071900BRI29NG,BORCEGUI BRISCO LHT2NP DIE. T29 NG ,7,PAR
071900BRI30NG,BORCEGUI BRISCO LHT2NP DIE. T30 NG ,7,PAR
071900BRI31NG,BORCEGUI BRISCO LHT2NP DIE. T31 NG ,7,PAR
071901BRI22NG,CHOCLO BRISCO CLGNP DIE. T22 NG ,7,PAR
071901BRI23NG,CHOCLO BRISCO CLGNP DIE. T23 NG ,7,PAR
071901BRI24NG,CHOCLO BRISCO CLGNP DIE. T24 NG ,7,PAR
071901BRI25NG,CHOCLO BRISCO CLGNP DIE. T25 NG ,7,PAR
071901BRI27NG,CHOCLO BRISCO CLGNP DIE. T27 NG ,7,PAR
071901BRI28NG,CHOCLO BRISCO CLGNP DIE. T28 NG ,7,PAR
073100DED00CF,POLAINAS SEM CARNAZA CON VELCRO GR ,7,PAR
073150GRJ0000,POLAINAS TNM CARNAZA ECON. ,7,PAR
073700DIT24NN,BOTA HULE DITA 2040 24 NGNG ,7,PAR
073700DIT25NN,BOTA HULE DITA 2040 25 NGNG ,7,PAR
073700DIT26NN,BOTA HULE DITA 2040 26 NGNG ,7,PAR
073700DIT27NN,BOTA HULE DITA 2040 27 NGNG ,7,PAR
073700DIT28NN,BOTA HULE DITA 2040 28 NGNG ,7,PAR
073700DIT29NN,BOTA HULE DITA 2040 29 NGNG ,7,PAR
073700DIT30NN,BOTA HULE DITA 2040 30 NGNG ,7,PAR
074200DIT24BR,BOTA HULE DITA 2140 SC 24 BCRJ ,7,PAR
074200DIT24NR,BOTA HULE DITA 2140 SC 24 NGRJ ,7,PAR
074200DIT25BR,BOTA HULE DITA 2140 SC 25 BCRJ ,7,PAR
074200DIT26BR,BOTA HULE DITA 2140 SC 26 BCRJ ,7,PAR
074200DIT27BR,BOTA HULE DITA 2140 SC 27 BCRJ ,7,PAR
074200DIT28BR,BOTA HULE DITA 2140 SC 28 BCRJ ,7,PAR
074500DIT23NR,BOTA HULE DITA 2140 SC 23 NGRJ ,7,PAR
074500DIT25NR,BOTA HULE DITA 2140 SC 25 NGRJ ,7,PAR
074500DIT26NR,BOTA HULE DITA 2140 SC 26 NGRJ ,7,PAR
074600DIT27NR,BOTA HULE DITA 2140 SC 27 NGRJ ,7,PAR
074600DIT28NR,BOTA HULE DITA 2140 SC 28 NGRJ ,7,PAR
074660DIT29NR,BOTA HULE DITA 2140 SC 29 NGRJ ,7,PAR
074685DIT26NN,BOTA HULE DITA IND 2041 CC 26 NGNG ,7,PAR
074685DIT27NN,BOTA HULE DITA IND 2041 CC 27 NGNG ,7,PAR
074685DIT28NN,BOTA HULE DITA IND 2041 CC 28 NGNG ,7,PAR
074685DIT29NN,BOTA HULE DITA IND 2041 CC 29 NGNG ,7,PAR
074710DIT26BR,BOTA HULE DITA IND 2141 CC 26 BCRJ ,7,PAR
074720DIT27BR,BOTA HULE DITA IND 2141 CC 27 BCRJ ,7,PAR
074760DIT23NR,BOTA HULE DITA IND 2141 CC 23 NGRJ ,7,PAR
074760DIT24NR,BOTA HULE DITA IND 2141 CC 24 NGRJ ,7,PAR
074760DIT25NR,BOTA HULE DITA IND 2141 CC T25 NGRJ ,7,PAR
074770DIT26NR,BOTA HULE DITA IND 2141 CC 26 NGRJ ,7,PAR
074780DIT27NR,BOTA HULE DITA IND 2141 CC 27 NGRJ ,7,PAR
074790DIT28NR,BOTA HULE DITA IND 2141 CC T28 NGRJ ,7,PAR
074800DIT29NR,BOTA HULE DITA IND 2141 CC T29 NGRJ ,7,PAR
074800DOG0000,RODILLERA DOG HG3006 RIGIDA LISA ,7,PAR
074801DOG0000,RODILLERA DOG HG3008 GEL ANTIDERRAP ,7,PIEZA
074830DRM24NG,BORCEGUI RAD 070 BOLSA CCASQ. T24 NG ,7,PAR
074830DRM29NG,BORCEGUI RAD 070 BOLSA CCASQ. T29 NG ,7,PAR
074850DUPL00,CUBRE ZAPATOBOTA DUPONT TYVEK D,7,PIEZA
0748855ELLCH00,CHANCLETA DE SEGURIDAD TCHD,7,PAR
0748855ELLGD00,CHANCLETA DE SEGURIDAD TGDD,7,PAR
0748855ELLMD00,CHANCLETA DE SEGURIDAD TMDD,7,PAR
0748855ELLXGD0,CHANCLETA DE SEGURIDAD TXGD,7,PAR
074910EWD0000,PUNTERA DE ACERO EWD ,7,PAR
074920GRA00VD,PUNTERA GRA UNIVERSAL DE PLaSTICO ,7,PAR
075200HDM0000,RODILLERA RST ACOJINADA SUAVE ,7,PIEZA
075210GRE22NG,BORCEGUI GRE TIGER POLIC. DIE T22 NG ,7,PAR
075210GRE23NG,BORCEGUI GRE TIGER POLIC. DIE T23 NG ,7,PAR
075210GRE24NG,BORCEGUI GRE TIGER POLIC. DIE T24 NG ,7,PAR
075210GRE25NG,BORCEGUI GRE TIGER POLIC. DIE T25 NG ,7,PAR
075210GRE26NG,BORCEGUI GRE TIGER POLIC. DIE T26 NG ,7,PAR
075210GRE27NG,BORCEGUI GRE TIGER POLIC. DIE T27 NG ,7,PAR
075210GRE28NG,BORCEGUI GRE TIGER POLIC. DIE T28 NG ,7,PAR
075210GRE29NG,BORCEGUI GRE TIGER POLIC. DIE T29 NG ,7,PAR
075210GRE30NG,BORCEGUI GRE TIGER POLIC. DIE T30 NG ,7,PAR
075211GRE22NG,BORCEGUI GRE TIGER PLANKEVLAR T22 NG ,7,PAR
075211GRE23NG,BORCEGUI GRE TIGER PLANKEVLAR T23 NG ,7,PAR
075211GRE24NG,BORCEGUI GRE TIGER PLANKEVLAR T24 NG ,7,PAR
075211GRE25NG,BORCEGUI GRE TIGER PLANKEVLAR T25 NG ,7,PAR
075211GRE26NG,BORCEGUI GRE TIGER PLANKEVLAR T26 NG ,7,PAR
075211GRE27NG,BORCEGUI GRE TIGER PLANKEVLAR T27 NG ,7,PAR
075211GRE28NG,BORCEGUI GRE TIGER PLANKEVLAR T28 NG ,7,PAR
075211GRE29NG,BORCEGUI GRE TIGER PLANKEVLAR T29 NG ,7,PAR
075212GRE22NG,BORCEGUI G. SAFETY T POLIC. DIE T22 NG,7,PAR
075212GRE23NG,BORCEGUI G. SAFETY T POLIC. DIE T23 NG,7,PAR
075212GRE24NG,BORCEGUI G. SAFETY T POLIC. DIE T24 NG,7,PAR
075212GRE25NG,BORCEGUI G. SAFETY T POLIC. DIE T25 NG,7,PAR
075212GRE26NG,BORCEGUI G. SAFETY T POLIC. DIE T26 NG,7,PAR
075212GRE27NG,BORCEGUI G. SAFETY T POLIC. DIE T27 NG,7,PAR
075212GRE28NG,BORCEGUI G. SAFETY T POLIC. DIE T28 NG,7,PAR
075469PUM27NG,BORCEGUI PUMA P214 T27 NG ,7,PAR
075469PUM28NG,BORCEGUI PUMA P214 T28 NG ,7,PAR
075470PUM25CF,BORCEGUI PUMA P224 T25 CF ,7,PAR
075470PUM26CF,BORCEGUI PUMA P224 T26 CF ,7,PAR
075470PUM27CF,BORCEGUI PUMA P224 T27 CF ,7,PAR
075470PUM28CF,BORCEGUI PUMA P224 T28 CF ,7,PAR
075471PUM26GL,CHOCLO PUMA P524 T26 GL ,7,PAR
075471PUM27GL,CHOCLO PUMA P524 T27 GL ,7,PAR
075471PUM28GL,CHOCLO PUMA P524 T28 GL ,7,PAR
075471PUM29GL,CHOCLO PUMA P524 T29 GL ,7,PAR
075472PUM25RN,CHOCLO PUMA P544 T25 RN ,7,PAR
075472PUM26RN,CHOCLO PUMA P544 T26 RN ,7,PAR
075472PUM27RN,CHOCLO PUMA P544 T27 RN ,7,PAR
075472PUM28RN,CHOCLO PUMA P544 T28 RN ,7,PAR
075472PUM29RN,CHOCLO PUMA P544 T29 RN ,7,PAR
075473PUM27NG,CHOCLO PUMA P574 T27 NG ,7,PAR
075473PUM28NG,CHOCLO PUMA P574 T28 NG ,7,PAR
075480PUM24RS,CHOCLO PUMA 914 DAMA T24 RS ,7,PAR
075480PUM25RS,CHOCLO PUMA 914 DAMA T25 RS ,7,PAR
075480PUM26RS,CHOCLO PUMA 914 DAMA T26 RS ,7,PAR
075550RAD22NG,BORCEGUI RADELG 070 CC. 22 NG ,7,PAR
075550RAD23NG,BORCEGUI RADELG 070 CC. 23 NG ,7,PAR
075550RAD24NG,BORCEGUI RADELG 070 CC. 24 NG ,7,PAR
075550RAD25NG,BORCEGUI RADELG 070 CC. 25 NG ,7,PAR
075550RAD26NG,BORCEGUI RADELG 070 CC. 26 NG ,7,PAR
075550RAD27NG,BORCEGUI RADELG 070 CC. 27 NG ,7,PAR
075550RAD28NG,BORCEGUI RADELG 070 CC. 28 NG ,7,PAR
075550RAD29NG,BORCEGUI RADELG 070 CC. 29 NG ,7,PAR
075550RAD30NG,BORCEGUI RADELG 070 CC. 30 NG ,7,PAR
075700RAD23NG,BORCEGUI RADELG 075 DIE CCAJA 23 NG,7,PAR
075700RAD24NG,BORCEGUI RADELG 075 DIE CCAJA 24 NG,7,PAR
075700RAD25NG,BORCEGUI RADELG 075 DIE CCAJA 25 NG,7,PAR
075700RAD26NG,BORCEGUI RADELG 075 DIE CCAJA 26 NG,7,PAR
075700RAD27NG,BORCEGUI RADELG 075 DIE CCAJA 27 NG,7,PAR
075700RAD28NG,BORCEGUI RADELG 075 DIE CCAJA 28 NG,7,PAR
075700RAD29NG,BORCEGUI RADELG 075 DIE CCAJA 29 NG,7,PAR
075700RAD30NG,BORCEGUI RADELG 075 DIE CCAJA 30 NG,7,PAR
075800RAD23NG,BORCEGUI RADELG M100 23 NG ,7,PAR
075800RAD24NG,BORCEGUI RADELG M100 24 NG ,7,PAR
075800RAD25NG,BORCEGUI RADELG M100 25 NG ,7,PAR
075800RAD26NG,BORCEGUI RADELG M100 26 NG ,7,PAR
075800RAD27NG,BORCEGUI RADELG M100 27 NG ,7,PAR
075800RAD28NG,BORCEGUI RADELG M100 28 NG ,7,PAR
075800RAD29NG,BORCEGUI RADELG M100 29 NG ,7,PAR
075800RAD30NG,BORCEGUI RADELG M100 30 NG ,7,PAR
075805RAD00NG,BORCEGUI RADELG M105 NG ,7,PAR
075850RAD00NG,BOTA RAD FUNDIDOR METATARSAL M900 NG ,7,PAR
075850RAD27NG,BOTA RAD FUND CS IND META M900 27 NG,7,PAR
076020RAD28NG,CHOCLO RADELG 220 CCASQ. 28 NG ,7,PAR
076160SKD0000,POLAINA VIBORERA MOD. VENOM. D,7,PAR
076215RIV23NG,BORCEGUI RIV RDXG801 NEGRO T23 ,7,PAR
076215RIV24NG,BORCEGUI RIV RDXG801 NEGRO T24 ,7,PAR
076215RIV25NG,BORCEGUI RIV RDXG801 NEGRO T25 ,7,PAR
076215RIV26NG,BORCEGUI RIV RDXG801 NEGRO T26 ,7,PAR
076215RIV27NG,BORCEGUI RIV RDXG801 NEGRO T27 ,7,PAR
076215RIV28NG,BORCEGUI RIV RDXG801 NEGRO T28 ,7,PAR
076215RIV29NG,BORCEGUI RIV RDXG801 NEGRO T29 ,7,PAR
076215RIV30NG,BORCEGUI RIV RDXG801 NEGRO T30 ,7,PAR
076215RIV31NG,BORCEGUI RIV RDXG801 NEGRO T31 ,7,PAR
076380RIV25CF,BOTA RIV OILER OLR02 T25 CF ,7,PAR
076380RIV26CF,BOTA RIV OILER OLR02 T26 CF ,7,PAR
076380RIV27CF,BOTA RIV OILER OLR02 T27 CF ,7,PAR
076380RIV28CF,BOTA RIV OILER OLR02 T28 CF ,7,PAR
076380RIV29CF,BOTA RIV OILER OLR02 T29 CF ,7,PAR
076380RIV30CF,BOTA RIV OILER OLR02 T30 CF ,7,PAR
076390RIV22AZ,BORCEGUI RIV SPYDER SPYG205 T22 AZ ,7,PIEZA
076390RIV22CF,BORCEGUI RIV SPYDER SPYG202 T22 CF ,7,PIEZA
076390RIV22NG,BORCEGUI RIV SPYDER SPYG201 T22 NG ,7,PAR
076390RIV23AZ,BORCEGUI RIV SPYDER SPYG205 T23 AZ ,7,PAR
076390RIV23CF,BORCEGUI RIV SPYDER SPYG202 T23 CF ,7,PAR
076390RIV23NG,BORCEGUI RIV SPYDER SPYG201 T23 NG ,7,PAR
076390RIV24AZ,BORCEGUI RIV SPYDER SPYG205 T24 AZ ,7,PAR
076390RIV24CF,BORCEGUI RIV SPYDER SPYG202 T24 CF ,7,PAR
076390RIV24NG,BORCEGUI RIV SPYDER SPYG201 T24 NG ,7,PAR
076390RIV25AZ,BORCEGUI RIV SPYDER SPYG205 T25 AZ ,7,PAR
076390RIV25CF,BORCEGUI RIV SPYDER SPYG202 T25 CF ,7,PAR
076390RIV25NG,BORCEGUI RIV SPYDER SPYG201 T25 NG ,7,PAR
076390RIV26AZ,BORCEGUI RIV SPYDER SPYG205 T26 AZ ,7,PAR
076390RIV26CF,BORCEGUI RIV SPYDER SPYG202 T26 CF ,7,PAR
076390RIV26GR,BORCEGUI RIV SPYDER SPYG208 T26 GR ,7,PAR
076390RIV26NG,BORCEGUI RIV SPYDER SPYG201 T26 NG ,7,PAR
076390RIV27AZ,BORCEGUI RIV SPYDER SPYG205 T27 AZ ,7,PAR
076390RIV27CF,BORCEGUI RIV SPYDER SPYG202 T27 CF ,7,PAR
076390RIV27NG,BORCEGUI RIV SPYDER SPYG201 T27 NG ,7,PAR
076390RIV28AZ,BORCEGUI RIV SPYDER SPYG205 T28 AZ ,7,PAR
076390RIV28CF,BORCEGUI RIV SPYDER SPYG202 T28 CF ,7,PAR
076390RIV28NG,BORCEGUI RIV SPYDER SPYG201 T28 NG ,7,PAR
076390RIV29AZ,BORCEGUI RIV SPYDER SPYG205 T29 AZ ,7,PAR
076390RIV29CF,BORCEGUI RIV SPYDER SPYG202 T29 CF ,7,PAR
076390RIV29NG,BORCEGUI RIV SPYDER SPYG201 T29 NG ,7,PAR
076390RIV30NG,BORCEGUI RIV SPYDER SPYG201 T30 NG ,7,PAR
076480RIV22NG,BORCEGUI RIVERLAND QXP01 22 NG ,7,PAR
076480RIV23NG,BORCEGUI RIVERLAND QXP01 23 NG ,7,PAR
076480RIV24NG,BORCEGUI RIVERLAND QXP01 24 NG ,7,PAR
076480RIV25NG,BORCEGUI RIVERLAND QXP01 25 NG ,7,PAR
076480RIV26NG,BORCEGUI RIVERLAND QXP01 26 NG ,7,PAR
076480RIV27NG,BORCEGUI RIVERLAND QXP01 27 NG ,7,PAR
076480RIV28NG,BORCEGUI RIVERLAND QXP01 28 NG ,7,PAR
076480RIV29NG,BORCEGUI RIVERLAND QXP01 29 NG ,7,PAR
076485REV0122,BORCEGUI RIV EVOLUTION ELNG301 T22 NG,ZAP,PAR
076485REV0123,BORCEGUI RIV EVOLUTION ELNG301 T23 NG,ZAP,PAR
076485REV0124,BORCEGUI RIV EVOLUTION ELNG301 T24 NG,ZAP,PAR
076485REV0125,BORCEGUI RIV EVOLUTION ELNG301 T25 NG,ZAP,PAR
076485REV0126,BORCEGUI RIV EVOLUTION ELNG301 T26 NG,ZAP,PAR
076485REV0127,BORCEGUI RIV EVOLUTION ELNG301 T27 NG,ZAP,PAR
076485REV0128,BORCEGUI RIV EVOLUTION ELNG301 T28 NG,ZAP,PAR
076485REV0129,BORCEGUI RIV EVOLUTION ELNG301 T29 NG,ZAP,PAR
076485REV0130,BORCEGUI RIV EVOLUTION ELNG301 T30 NG,ZAP,PAR
076485REV0223,BORCEGUI RIV EVOLUTION ELNG302 T23 CF,ZAP,PAR
076485REV0224,BORCEGUI RIV EVOLUTION ELNG302 T24 CF,ZAP,PAR
076485REV0225,BORCEGUI RIV EVOLUTION ELNG302 T25 CF,ZAP,PAR
076485REV0226,BORCEGUI RIV EVOLUTION ELNG302 T26 CF,ZAP,PAR
076485REV0227,BORCEGUI RIV EVOLUTION ELNG302 T27 CF,ZAP,PAR
076485REV0228,BORCEGUI RIV EVOLUTION ELNG302 T28 CF,ZAP,PAR
076485REV0229,BORCEGUI RIV EVOLUTION ELNG302 T29 CF,ZAP,PAR
076680RIV23NG,BORCEGUI RIV GSPG201 T23 NG ,7,PAR
076680RIV24NG,BORCEGUI RIV GSPG201 T24 NG ,7,PAR
076680RIV25NG,BORCEGUI RIV GSPG201 T25 NG ,7,PAR
076690RIV22NG,BORCEGUI RIV STX01P T22 NG ,7,PAR
076690RIV23NG,BORCEGUI RIV STX01P T23 NG ,7,PAR
076690RIV24NG,BORCEGUI RIV STX01P T24 NG ,7,PAR
076690RIV25NG,BORCEGUI RIV STX01P T25 NG ,7,PAR
076690RIV26NG,BORCEGUI RIV STX01P T26 NG ,7,PAR
076690RIV27NG,BORCEGUI RIV STX01P T27 NG ,7,PAR
076690RIV28NG,BORCEGUI RIV STX01P T28 NG ,7,PAR
076690RIV29NG,BORCEGUI RIV STX01P T29 NG ,7,PAR
076690RIV30NG,BORCEGUI RIV STX01P T30 NG ,7,PAR
076723RIV22NG,CHOCLO RIV CVX01 T22 NG ,7,PAR
076723RIV23NG,CHOCLO RIV CVX01 T23 NG ,7,PAR
076723RIV24NG,CHOCLO RIV CVX01 T24 NG ,7,PAR
076723RIV25NG,CHOCLO RIV CVX01 T25 NG ,7,PAR
076723RIV26CF,CHOCLO RIV CVX02 T26 CF ,7,PAR
076723RIV26NG,CHOCLO RIV CVX01 T26 NG ,7,PAR
076723RIV27NG,CHOCLO RIV CVX01 T27 NG ,7,PAR
076723RIV28NG,CHOCLO RIV CVX01 T28 NG ,7,PAR
076723RIV29NG,CHOCLO RIV CVX01 T29 NG ,7,PAR
076723RIV30NG,CHOCLO RIV CVX01 T30 NG ,7,PAR
076750RIV22NA,BORCEGUI RIV UBXV303 T22 CAFE CRAZY ,7,PAR
076750RIV23NA,BORCEGUI RIV UBXV303 T23 CAFE CRAZY ,7,PAR
076750RIV24NA,BORCEGUI RIV UBXV303 T24 CAFE CRAZY ,7,PAR
076750RIV25NA,BORCEGUI RIV UBXV303 T25 CAFE CRAZY ,7,PAR
076750RIV26NA,BORCEGUI RIV UBXV303 T26 CAFE CRAZY ,7,PAR
076750RIV27NA,BORCEGUI RIV UBXV303 T27 CAFE CRAZY ,7,PAR
076750RIV28NA,BORCEGUI RIV UBXV303 T28 CAFE CRAZY ,7,PAR
076750RIV29NA,BORCEGUI RIV UBXV303 T29 CAFE CRAZY ,7,PAR
076750RIV30NA,BORCEGUI RIV UBXV303 T30 CAFE CRAZY ,7,PAR
076760RIV22AZ,BORCEGUI RIV UBXV305 T22 AZ ,7,PAR
076760RIV22ML,BORCEGUI RIV UBXV304 T22 MIEL ,7,PAR
076760RIV23AZ,BORCEGUI RIV UBXV305 T23 AZ ,7,PAR
076760RIV23ML,BORCEGUI RIV UBXV304 T23 MIEL ,7,PAR
076760RIV24AZ,BORCEGUI RIV UBXV305 T24 AZ ,7,PAR
076760RIV24ML,BORCEGUI RIV UBXV304 T24 MIEL ,7,PAR
076760RIV25AZ,BORCEGUI RIV UBXV305 T25 AZ ,7,PAR
076760RIV25ML,BORCEGUI RIV UBXV304 T25 MIEL ,7,PAR
076760RIV26AZ,BORCEGUI RIV UBXV305 T26 AZ ,7,PAR
076760RIV26ML,BORCEGUI RIV UBXV304 T26 MIEL ,7,PAR
076760RIV27AZ,BORCEGUI RIV UBXV305 T27 AZ ,7,PAR
076760RIV27ML,BORCEGUI RIV UBXV304 T27 MIEL ,7,PAR
076760RIV28AZ,BORCEGUI RIV UBXV305 T28 AZ ,7,PAR
076760RIV28ML,BORCEGUI RIV UBXV304 T28 MIEL ,7,PAR
076760RIV29AZ,BORCEGUI RIV UBXV305 T29 AZ ,7,PAR
076760RIV29ML,BORCEGUI RIV UBXV304 T29 MIEL ,7,PAR
076760RIV30AZ,BORCEGUI RIV UBXV305 T30 AZ ,7,PAR
076990RIV26NG,BOTA RIV SWAT SWTG201 NG T26 ,7,PAR
076990RIV28NG,BOTA RIV SWAT SWTG201 NG T28 ,7,PAR
077000RIV25NG,BOTIN RIVERLAND SPARKS SPS01 25 NG ,7,PAR
077000RIV26NG,BOTIN RIVERLAND  SPARKS SPS01 26 NG ,7,PAR
077000RIV27NG,BOTIN RIVERLAND  SPARKS SPS01 27 NG ,7,PAR
077000RIV28NG,BOTIN RIVERLAND SPARKS SPS0128 NG ,7,PAR
077000RIV29NG,BOTIN RIVERLAND SPARKS SPS01 29 NG ,7,PAR
077000RIV30NG,BOTIN RIVERLAND SPARKS SPS01 30 NG ,7,PAR
077240RIV00BC,CHOCLO RIV GLX01P GALAXY NG ,7,PAR
077250RIV22CF,CHOCLO RIV SPYDER LOW SPOG202 T22 CF ,7,PAR
077250RIV22NG,CHOCLO RIV SPYDER LOW SPOG201 T22 NG ,7,PAR
077250RIV23AZ,CHOCLO RIV SPYDER LOW SPOG205 T23 AZ ,7,PAR
077250RIV23CF,CHOCLO RIV SPYDER LOW SPOG202 T23 CF ,7,PAR
077250RIV23NG,CHOCLO RIV SPYDER LOW SPOG201 T23 NG ,7,PAR
077250RIV24AZ,CHOCLO RIV SPYDER LOW SPOG205 T24 AZ ,7,PAR
077250RIV24NG,CHOCLO RIV SPYDER LOW SPOG201 T24 NG ,7,PAR
077250RIV25AZ,CHOCLO RIV SPYDER LOW SPOG205 T25 AZ ,7,PAR
077250RIV25CF,CHOCLO RIV SPYDER LOW SPOG202 T25 CF ,7,PAR
077250RIV25NG,CHOCLO RIV SPYDER LOW SPOG201 T25 NG ,7,PAR
077250RIV26AZ,CHOCLO RIV SPYDER LOW SPOG205 T26 AZ ,7,PAR
077250RIV26CF,CHOCLO RIV SPYDER LOW SPOG202 T26 CF ,7,PAR
077250RIV26NG,CHOCLO RIV SPYDER LOW SPOG201 T26 NG ,7,PAR
077250RIV27AZ,CHOCLO RIV SPYDER LOW SPOG205 T27 AZ ,7,PAR
077250RIV27CF,CHOCLO RIV SPYDER LOW SPOG202 T27 CF ,7,PAR
077250RIV27NG,CHOCLO RIV SPYDER LOW SPOG201 T27 NG ,7,PAR
077250RIV28AZ,CHOCLO RIV SPYDER LOW SPOG205 T28 AZ ,7,PAR
077250RIV28CF,CHOCLO RIV SPYDER LOW SPOG202 T28 CF ,7,PAR
077250RIV28NG,CHOCLO RIV SPYDER LOW SPOG201 T28 NG ,7,PAR
077250RIV29AZ,CHOCLO RIV SPYDER LOW SPOG205 T29 AZ ,7,PAR
077250RIV29CF,CHOCLO RIV SPYDER LOW SPOG202 T29 CF ,7,PAR
077250RIV29NG,CHOCLO RIV SPYDER LOW SPOG201 T29 NG ,7,PAR
077250RIV30CF,CHOCLO RIV SPYDER LOW SPOG202 T30 CF ,7,PAR
077250RIV30NG,CHOCLO RIV SPYDER LOW SPOG201 T30 NG ,7,PAR
077260RIV22CF,BORCEGUI RIV ENERGY EGY02 T22 CFNJ ,7,PAR
077260RIV23CF,BORCEGUI RIV ENERGY EGY02 T23 CFNJ ,7,PAR
077260RIV23NG,BORCEGUI RIV ENERGY EGY015 T23 NGAZ ,7,PAR
077260RIV24CF,BORCEGUI RIV ENERGY EGY02 T24 CFNJ ,7,PAR
077260RIV24NG,BORCEGUI RIV ENERGY EGY015 T24 NGAZ ,7,PAR
077260RIV25CF,BORCEGUI RIV ENERGY EGY02 T25 CFNJ ,7,PAR
077260RIV25NG,BORCEGUI RIV ENERGY EGY015 T25 NGAZ ,7,PAR
077260RIV25VD,BORCEGUI RIV ENERGY EGY01 T25 NGVD ,7,PAR
077260RIV26CF,BORCEGUI RIV ENERGY EGY02 T26 CFNJ ,7,PAR
077260RIV26NG,BORCEGUI RIV ENERGY EGY015 T26 NGAZ ,7,PAR
077260RIV26VD,BORCEGUI RYV ENERGY EGY01 T26 NGVD ,7,PAR
077260RIV27CF,BORCEGUI RIV ENERGY EGY02 T27 CFNJ ,7,PAR
077260RIV27NG,BORCEGUI RIV ENERGY EGY015 T27 NGAZ ,7,PAR
077260RIV27VD,BORCEGUI RIV ENERGY EGY01 T27 NGVD ,7,PAR
077260RIV28CF,BORCEGUI RIV ENERGY EGY02 T28 CFNJ ,7,PAR
077260RIV28NG,BORCEGUI RIV ENERGY EGY015 T28 NGAZ ,7,PAR
077260RIV29CF,BORCEGUI RIV ENERGY EGY02 T29 CFNJ ,7,PAR
077260RIV29NG,BORCEGUI RIV ENERGY EGY015 T29 NGAZ ,7,PAR
077260RIV30CF,BORCEGUI RIV ENERGY EGY02 T30 CFNJ ,7,PIEZA
077260RIV30NG,BORCEGUI RIV ENERGY EGY015 T30 NGAZ ,7,PAR
077280RIV30NG,BORCEGUI RIV LATITUD LTD01 T30 NGVD ,7,PAR
077291RIV22NG,BORCEGUI RIV ATI01 T22 NG ,7,PAR
077291RIV23CF,BORCEGUI RIV ATI02 T23 CF ,7,PAR
077291RIV23GR,BORCEGUI RIV ATI08 T23 GR ,7,PAR
077291RIV23NG,BORCEGUI RIV ATI01 T23 NG ,7,PAR
077291RIV24GR,BORCEGUI RIV ATI08 T24 GR ,7,PAR
077291RIV24NG,BORCEGUI RIV ATI01 T24 NG ,7,PAR
077291RIV25CF,BORCEGUI RIV ATI02 T25 CF ,7,PAR
077291RIV25GR,BORCEGUI RIV ATI08 T25 GR ,7,PAR
077291RIV25NG,BORCEGUI RIV ATI01 T25 NG ,7,PAR
077291RIV26CF,BORCEGUI RIV ATI02 T26 CF ,7,PAR
077291RIV26NG,BORCEGUI RIV ATI01 T26 NG ,7,PAR
077291RIV27CF,BORCEGUI RIV ATI02 T27 CF ,7,PAR
077291RIV27NG,BORCEGUI RIV ATI01 T27 NG ,7,PAR
077291RIV28CF,BORCEGUI RIV ATI02 T28 CF ,7,PAR
077291RIV28NG,BORCEGUI RIV ATI01 T28 NG ,7,PAR
077291RIV29CF,BORCEGUI RIV ATI02 T29 CF ,7,PAR
077291RIV29GR,BORCEGUI RIV ATI08 T29 GR ,7,PAR
077291RIV29NG,BORCEGUI RIV ATI01 T29 NG ,7,PAR
077291RIV30GR,BORCEGUI RIV ATI08 T30 GR ,7,PAR
077291RIV30NG,BORCEGUI RIV ATI01 T30 NG ,7,PAR
077292RIV23AR,BORCEGUI RIV MGO04T T23 AR ,7,PAR
077292RIV24AR,BORCEGUI RIV MGO04T T24 AR ,7,PAR
077292RIV25AR,BORCEGUI RIV MGO04T T25 AR ,7,PAR
077292RIV26AR,BORCEGUI RIV MGO04T T26 AR ,7,PAR
077292RIV27AR,BORCEGUI RIV MGO04T T27 AR ,7,PAR
077292RIV28AR,BORCEGUI RIV MGO04T T28 AR ,7,PAR
077292RIV29AR,BORCEGUI RIV MGO04T T29 AR ,7,PAR
077293RIV24NG,BORCEGUI RIV MGO01T T24 NG ,7,PAR
077293RIV25NG,BORCEGUI RIV MGO01T T25 NG ,7,PAR
077293RIV26NG,BORCEGUI RIV MGO01T T26 NG ,7,PAR
077293RIV27NG,BORCEGUI RIV MGO01T T27 NG ,7,PAR
077293RIV28NG,BORCEGUI RIV MGO01T T28 NG ,7,PAR
077293RIV29NG,BORCEGUI RIV MGO01T T29 NG ,7,PAR
077293RIV30NG,BORCEGUI RIV MGO01T T30 NG ,7,PAR
077700TIB22NG,BORCEGUI TIB 301 DIE T22 NG ,7,PAR
077700TIB23NG,BORCEGUI TIB 301 DIE T23 NG ,7,PAR
077700TIB24NG,BORCEGUI TIB 301 DIE T24 NG ,7,PAR
077700TIB25NG,BORCEGUI TIB 301 DIE T25 NG ,7,PAR
077700TIB26NG,BORCEGUI TIB 301 DIE T26 NG ,7,PAR
077700TIB27NG,BORCEGUI TIB 301 DIE T27 NG ,7,PAR
077700TIB28NG,BORCEGUI TIB 301 DIE T28 NG ,7,PAR
077700TIB29NG,BORCEGUI TIB 301 DIE T29 NG ,7,PAR
077700TIB30NG,BORCEGUI TIB 301 DIE T30 NG ,7,PAR
077790RIV2400,PLANTILLA RIVERLINE T24 ,7,PAR
077790RIV2700,PLANTILLA RIVERLINE T27 ,7,PAR
077790RIV2800,PLANTILLA RIVERLINE T28 ,7,PAR
077790RIV2900,PLANTILLA RIVERLINE T29 ,7,PAR
077800TIM26ML,BORCEGUI TIMBERLAND MOD. 33031 T26 ML ,7,PAR
077801TIM26CF,BORCEGUI TIMBERLAND MOD. 33034 T26 CF ,7,PAR
077802TIM25NG,BORCEGUI TIMBERLAND A11QF ANTIE T25 NG,7,PAR
077802TIM26NG,BORCEGUI TIMBERLAND A11QF ANTIE T26 NG,7,PAR
077802TIM28NG,BORCEGUI TIMBERLAND A11QF ANTIE T28 NG,7,PAR
077803TIM28NG,CALZADO TIMBERLAND 47028 T27 CF ,7,PAR
077894SEM0000,CHAPARRERA SEM DE CARNAZA CHCG100 GR ,7,PIEZA
078000CLI25CF,BORCEGUI CLIFF 0330 T25 CF ,7,PAR
078000CLI26CF,BORCEGUI CLIFF 0330 T26 CF ,7,PAR
078000CLI27NG,BORCEGUI CLIFF 0330 T27 NG ,7,PAR
078000CLI28CF,BORCEGUI CLIFF 0330 T28 CF ,7,PAR
078000CLI28NG,BORCEGUI CLIFF 0330 T28 NG ,7,PAR
078000CLI29CF,BORCEGUI CLIFF 0330 T29 CF ,7,PAR
078020CLI30CN,CHOCLO CLIFF 0332 T30 CAFENEGRO ,7,PAR
078030CLI27NG,CHOCLO CLIFF 0339 T27 NG ,7,PAR
078030CLI28NG,CHOCLO CLIFF 0339 T28 NG ,7,PAR
078031CLI22NG,BORCEGUI CLIFF 0351 T22 NGAZ ,7,PAR
078031CLI23NG,BORCEGUI CLIFF 0351 T23 NGAZ ,7,PAR
078031CLI24NG,BORCEGUI CLIFF 0351 T24 NGAZ ,7,PAR
078031CLI25NG,BORCEGUI CLIFF 0351 T25 NGAZ ,7,PAR
078031CLI26NG,BORCEGUI CLIFF 0351 T26 NGAZ ,7,PAR
078031CLI27NG,BORCEGUI CLIFF 0351 T27 NGAZ ,7,PAR
078031CLI28NG,BORCEGUI CLIFF 0351 T28 NGAZ ,7,PAR
078031CLI29NG,BORCEGUI CLIFF 0351 T29 NGAZ ,7,PAR
078032CLI22CC,BORCEGUI CLIFF 0403 DAMA T22 CRAZY ,7,PAR
078032CLI23CC,BORCEGUI CLIFF 0403 DAMA T23 CRAZY ,7,PAR
078032CLI24CC,BORCEGUI CLIFF 0403 DAMA T24 CRAZY ,7,PAR
078032CLI25CC,BORCEGUI CLIFF 0403 DAMA T25 CRAZY ,7,PAR
078032CLI26CC,BORCEGUI CLIFF 0403 DAMA T26 CRAZY ,7,PAR
078034CLI25AM,CHOCLO CLIFF 0913 T25 NGAM ,7,PAR
078037CLI25RJ,BORCEGUI CLIFF 0916 NGRJ ,7,PAR
078038CLI23NG,BORCEGUI CLIFF 0409 T23 NG ,7,PAR
078038CLI24CC,BORCEGUI CLIFF 0409 T24 CAFE CRAZY ,7,PAR
078038CLI24NG,BORCEGUI CLIFF 0409 T24 NG ,7,PAR
078038CLI25NG,BORCEGUI CLIFF 0409 T25 NG ,7,PAR
078038CLI26NG,BORCEGUI CLIFF 0409 T26 NG ,7,PAR
078038CLI27NG,BORCEGUI CLIFF 0409 T27 NG ,7,PAR
078038CLI28CC,BORCEGUI CLIFF 0409 T28 CAFE CRAZY ,7,PAR
078038CLI28NG,BORCEGUI CLIFF 0409 T28 NG ,7,PAR
078038CLI29NG,BORCEGUI CLIFF 0409 T29 NG ,7,PAR
078038CLI30NG,BORCEGUI CLIFF 0409 T30 NG ,7,PAR
078050CRU26NG,BORCEGUI CRUCERO NR1 T26 NG,7,PAR
078050CRU27NG,BORCEGUI CRUCERO NR1 T27 NG,7,PAR
078050CRU28NG,BORCEGUI CRUCERO NR1 T28 NG,7,PAR
079000JOM25NN,BOTA HULE JOMART IND SC T25 NGNG ,7,PAR
079000JOM26NN,BOTA HULE JOMART IND SC T26 NGNG ,7,PAR
079000JOM27NN,BOTA HULE JOMART IND SC T27 NGNG ,7,PAR
079000JOM28NN,BOTA HULE JOMART IND SC T28 NGNG ,7,PAR
079000JOM29NN,BOTA HULE JOMART IND SC T29 NGNG ,7,PAR
079010JOM25NR,BOTA HULE JOMART IND SC T25 NGRJ ,7,PAR
079010JOM26NR,BOTA HULE JOMART IND SC T26 NGRJ ,7,PAR
079010JOM27NR,BOTA HULE JOMART IND SC T27 NGRJ ,7,PAR
079010JOM28NR,BOTA HULE JOMART IND SC T28 NGRJ ,7,PAR
079010JOM29NR,BOTA HULE JOMART IND SC T29 NGRJ ,7,PAR
079015JOM24BR,BOTA HULE JOMART IND SC T24 BCRJ ,7,PAR
079015JOM27BR,BOTA HULE JOMART IND SC T27 BCRJ ,7,PAR
079018JOM24NN,BOTA HULE JOMART IND CC T24 NGNG ,7,PAR
079018JOM25NN,BOTA HULE JOMART IND CC T25 NGNG ,7,PAR
079018JOM26NN,BOTA HULE JOMART IND CC T26 NGNG ,7,PAR
079018JOM27NN,BOTA HULE JOMART IND CC T27 NGNG ,7,PAR
079018JOM28NN,BOTA HULE JOMART IND CC T28 NGNG ,7,PAR
079018JOM29NN,BOTA HULE JOMART IND CC T29 NGNG ,7,PAR
079020JOM25NR,BOTA HULE JOMART IND CC T25 NGRJ ,7,PAR
079020JOM26NR,BOTA HULE JOMART IND CC T26 NGRJ ,7,PAR
079020JOM27NR,BOTA HULE JOMART IND CC T27 NGRJ ,7,PAR
079020JOM28NR,BOTA HULE JOMART IND CC T28 NGRJ ,7,PAR
079020JOM29NR,BOTA HULE JOMART IND CC T29 NGRJ ,7,PAR
0810013MM0000,KIT PARA DERRAMES HIDROCARBUROS D,8,KIT
081700ABS0000,SACO ABSORBENT PDERRAMES D,8,PIEZA
085000JUS00AM,TARIMA PARA DERRAMES JUSTRITE 12 G,8,PIEZA
090050ALT0000,ARNES ALTO ECON. A1ESTD  CCAIDAS ,9,PIEZA
092010ALT0000,ARNES ALTO A1STD CCAIDAS NYL. ,9,PIEZA
092036ALT0000,ARNES ALTO A2D40 POSICIONAMIENTO DIE ,9,PIEZA
092040ALT0000,ARNES ALTO A2STD POSICIONAMIENTO NYLON,9,PIEZA
092060ALT0000,ARNES ALTO A640 CRUZADO NYL. ,9,PIEZA
093000ALT0000,CABLE 2B NYLON C11PG1.80 GANCHO GD,9,PIEZA
093020ALT0000,CABLE ALTO C11.80 CCAIDA NY CAMORT,9,PIEZA
093060ALT0000,CABLE ALTO C11P1.80 CCAIDA NYL.PLN ,9,PIEZA
093070ALT0000,CABLE ALTO C1A1.80 CCAIDA ACERO CA ,9,PIEZA
093080ALT0000,CABLE ALTO C1P1.80 CCAIDA NYL. PLANO,9,PIEZA
093090ALT0000,CABLE ALTO C1PG1.80 CCAIDA NYL.PLN ,9,PIEZA
093510ALT0000,CABLE ALTO C21.80 POSICIONAMIENTO NYL,9,PIEZA
093525ALT0000,CABLE ALTO C2P1.80 NYL 2 GANCHOS ,9,PIEZA
093915ALT0003,LINEA RETRACTIL R3 NYLON D,9,PIEZA
094000ALT0000,PUNTO FIJO ALTO P1.90 NYL. ,9,PIEZA
094010ALT0000,PUNTO FIJO ALTO P11.50 NYL.,9,PIEZA
094026ALT0000,KIT ALTO CCAIDAS ECONOMICO ,9,PIEZA
094032DER0000,ARNES DERMA CCAIDA PA30C ,9,PIEZA
094039DER0000,PUNTO FIJO DERMA PA51 1.50 MT ,9,PIEZA
094120HWK0000,ARNES HAWK 40140 PP CAIDAS SCOJIN ,9,PIEZA
094150HWK0000,ARNES HAWK 40240 POSIC. SCOJIN ,9,PIEZA
094200HWK0000,ARNES HAWK 4113640 PP CAIDAS SCOJ ,9,PIEZA
094210HWK0000,ARNES HAWK 415X 6 ANILLOS CCINT. P ,9,PIEZA
094240HWK0000,ARNES HAWK 42240 POSIC. ACOJINADO HM ,9,PIEZA
094270HWK0000,ARNES HAWK 435AE40 POSIC. ARCO DIE. ,9,PIEZA
094320HWK0000,BANDOLA HAWK 5121.6 NYL.REDONDO ,9,PIEZA
094400HWK0000,CABLE HAWK  601TC1.80 SEG CC TXT,9,PIEZA
094430HWK0000,CABLE HAWK 6011.80 CCAIDAS NYL TUB ,9,PIEZA
096590HWK0000,CABLE HAWK 6711.80 CCAIDAS NYL.TUB 2,9,PIEZA
096730HWK4000,CINT.PORTHERR.4 HAWK 73240 NYLON AC,9,PIEZA
097110HWK0000,MOSQUETON ACERO HAWK MA012 2BLE.SEG.D,9,PIEZA
097151HWK0000,PUNTO FIJO HAWK 9111.80 ,9,PIEZA
097330HON0000,ARNES HONEYWELL TITAN T4000 CCAIDAS D,9,PIEZA
097331HON0000,ARNES HONEYWELL TITAN T4007 POSICIONA D,9,PIEZA
097332HON0000,CABLE HONEYWELL TITAN T5111 CCAIDAS D,9,PIEZA
101010ABU00RJ,CANDADO ABUS 7440 DIE RJ D,10,PIEZA
101011ABU00NJ,PINZA DE BLOQUEO ABUS DIE H770 D,10,PIEZA
101011ABU00RJ,PINZA DE BLQUEO ABUS H701 1 D,10,PIEZA
101020JYR10NJ,CHALECO JYR MALLA CREFLEJ. SR1010 NJ ,10,PIEZA
101035TCI0000,TRAFITAMBO AGG 2REFLEJANTE NJ ,10,PIEZA
101038AGG0000,CALZA AGG PCAMION 18.52025 ,10,PIEZA
101063BYL0000,BANDA DE ADV. BYL PELIGRO RJ ,10,PIEZA
101064BYL0000,BANDA DE ADV. BYL PRECAUCION AM ,10,PIEZA
101090DER10AM,BANDA DE ADV. PROHIBIDO EL PASO ,10,PIEZA
101092DER0000,BASTON DERMA CON LUZ SEBS ,10,PIEZA
101093CSI0000,BANDERIN CSI DE MALLA CREFLEJ. NJ ,10,PIEZA
101095CSI00AM,CHALECO CSI DE MALLA CREFLEJ. AM ,10,PIEZA
101095CSI00AR,CHALECO CSI DE MALLA CREFLEJ. A. REY ,10,PIEZA
101095CSI00AZ,CHALECO CSI DE MALLA CREFLEJ. AZ M,10,PIEZA
101095CSI00NE,CHALECO CSI DE MALLA CREFLEJ. NEON ,10,PIEZA
101095CSI00NG,CHALECO CSI DE MALLA CREFLEJ. NG ,10,PIEZA
101095CSI00NJ,CHALECO CSI DE MALLA CREFLEJ. NJ ,10,PIEZA
101095CSI00RJ,CHALECO CSI DE MALLA CREFLEJ. RJ ,10,PIEZA
101095CSI00RS,CHALECO CSI DE MALLA CREFLEJ. RS ,10,PIEZA
101095CSI00VD,CHALECO CSI DE MALLA CREFLEJ. VD ,10,PIEZA
101165DER0000,TORRETA DER DE SEGURIDAD SETO ,10,PIEZA
101179DOG0000,LAMPARA DOG NR2127 MANOS LIBRES ,10,PIEZA
101180DOG0000,LAMPARA DOG NR2125 RECARG. 9 LED 110V ,10,PIEZA
101181DOG0000,LAMPARA DOG NR2128 RECARG 15 LED 110V ,10,PIEZA
101182DOG00NG,CINTA DOG IM2001 ANTIDERRAPANTE 1X15',10,PIEZA
101183DOG00NG,CINTA DOG IM2004 ANTIDERRAPANTE 2X15',10,PIEZA
101190EFL0000,BRAZALETE EFL VARIOS COLORES ,10,PIEZA
101200EFL1515,SEnALAMIENTO EFL ESTIRENO 1515 ,10,PIEZA
101200EFL2025,SEnALAMIENTO EFL ESTIRENO 2025 ,10,PIEZA
101200EFL2040,SEnALAMIENTO EFL ESTIRENO 2040 ,10,PIEZA
101200EFL2525,SEnALAMIENTO EFL ESTIRENO 2525 ,10,PIEZA
101200EFL3040,SEnALAMIENTO EFL ESTIRENO 3040 ,10,PIEZA
101200EFL3440,SEnAL 030 QHACER SISMO INCEND 3440 ,10,PIEZA
101201EFL2040,SEnAL 024 RUTA EVACUACION IZQ. 2040 ,10,PIEZA
101201EFL3040,SEnAL 154 MONTACARGAS EN SERVICIO 3040,10,PIEZA
101202EFL1520,SEnAL 025 RUTA EVACUACION DER 1520,10,PIEZA
101202EFL2040,SEnAL 025 RUTA EVACUACION DER 2040 ,10,PIEZA
101203EFL2040,SEnAL 026 SALIDA DE EMERGENCIA 2040 ,10,PIEZA
101203EFL4040,SEnAL 039 EXTINTOR 4040 ,10,PIEZA
101204EFL2525,SEnAL 006 SAL EMERGENCIA PTA IZQ 2525 ,10,PIEZA
101205EFL2025,SEnAL 014 BOTIQUIN 2025 ,10,PIEZA
101206EFL3040,SEnAL 078 MAX. VELOCIDAD 10KM 3040 ,10,PIEZA
101207EFL2025,SEnAL 038 EXTINTOR 2025 ,10,PIEZA
101207EFL2525,SEnAL 008 PUNTO DE REUNION 2525 ,10,PIEZA
101208EFL2025,SEnAL 047 NO FUMAR 2025,10,PIEZA
101209EFL2525,SEnAL 007 ZONA DE MENOR RIESGO 2525 ,10,PIEZA
101209EFL3040,SEnAL 071 PROHIBIDO USAR CELULAR 3040 ,10,PIEZA
101211EFL2525,SEnAL 047 NO FUMAR 2525 ,10,PIEZA
101214EFL2525,SEnAL 039 EXTINTOR 2525 ,10,PIEZA
101215EFL3040,SEnAL 234 SANITARIOS 3040 ,10,PIEZA
101218EFL3040,SEnAL 169 USE EL PASAMANOS 3040 ,10,PIEZA
101219EFL3040,SEnAL 112 USO OBLIGATORIO DE ARNES 3040,10,PIEZA
101229EFL3040,SEnAL 062 PROHIBIDO EL PASO 3040 ,10,PIEZA
101230EFL3040,SEnAL 060 PROHI ENTRADA A PERSONA 3040,10,PIEZA
101231EFL3040,SEnAL 114 USO OBLIAGOTRIO DE EPP 3040 ,10,PIEZA
101244EFL3040,SEnAL 126 P. RESIDUOS PELIGROSOS 3040 ,10,PIEZA
101253EFL3040,SEnAL 080 NO ESTACIONARSE 3040,10,PIEZA
101500AIM26AM,CONO AIM 26 CM AM ,10,PIEZA
101500AIM26AZ,CONO AIM 26 CM AZ ,10,PIEZA
101500AIM26NJ,CONO AIM 26 CM NJ ,10,PIEZA
101500AIM26VD,CONO AIM 26 CM VD ,10,PIEZA
101500GRA0000,CANDADO MASTERLOCK BLOQUEO 410 RJ ,10,PIEZA
101500GRARJ00,CANDADO MASTERLOCK BLOQUEO DIE 406 RJ ,10,PIEZA
101500GRAVD00,CANDADO MASTERLOCK BLOQUEO DIE 406 VD ,10,PIEZA
101501GRA0000,PORTA CANDADO MASTERLOCK MOD. 420 ,10,PIEZA
101503GRA0000,TARJETA DE CANDADEO MASTERLCK S4002LES,10,PIEZA
101505GRA0000,TARJETA MASTERLOCK 427RED ,10,PIEZA
101521GRA0000,LAMPARA GRA SURELITE DE DOS CABEZAS ,10,PIEZA
101527EUR02AN,CINTA EUR ANTIDERRAPANTE 50MM18 AMNG,10,PIEZA
101528EUR02NG,CINTA EUR ANTIDERRAPANTE 50MM5 MT ,10,PIEZA
101529EUR0000,CINTA EUR REFLEX. TEXTIL 25MM100 MTS,10,METRO
101529EUR0100,CINTA EUR REFLEX. TEXTIL 50MM100 MTS,10,METRO
101651HIL0000,CAPUCHON HIL PVARILLA 38 PIEZA ,10,PIEZA
101705INF7100,CONO INF PTRAFICO 71 CM NJ ,10,PIEZA
101710JAM00AZ,CHALECO JAM BRIGADISTA AZUL MARINO ,10,PIEZA
101710JAM00KK,CHALECO JAM BRIGADISTA KAKI ,10,PIEZA
101710JAM00NG,CHALECO JAM BRIGADISTA NEGRO ,10,PIEZA
101712JOM9100,CONO JOMART JUNIOR 91CM CREFLEJ,10,PIEZA
101720JRY00AM,CHALECO JYR MALLA CREFLEJ. SR1010 AM ,10,PIEZA
101720JRY00RJ,CHALECO JYR MALLA CREFLEJ. SR1010 RJ ,10,PIEZA
101720JRY00VD,CHALECO JYR MALLA CREFLEJ. SR1010 VD ,10,PIEZA
101720JYR00AZ,CHALECO JYR MALLA CREFLEJ. SR1010 AZ ,10,PIEZA
101722JYR00VD,CHALECO JYR MALLA CREFLEJ. SR1012 VD ,10,PIEZA
101725JRY00NJ,BANDERIN JYR PVC SR1156K NJ ,10,PIEZA
101730MGE0000,POSTE PROPIA ALINEADOR BICOLOR ,10,PIEZA
101737MRS0000,POSTE MRS DELIMITAD SR1011 CBASE HULE,10,PIEZA
101739MRS00AM,CADENA MRS PLASTICA 50 MTS SR1010AM ,10,PIEZA
101739MRS00RJ,CADENA MRS PLASTICA 50 MTS SR1010RJ ,10,PIEZA
101740NWM0000,TAPETES ANTIFATIGA EVEREST ALVEOLAR ,10,PIEZA
102110SIH00AM,CHALECO SIH 40 HYLUX AM SR1051 ,10,PIEZA
102110SIH00NJ,CHALECO SIH 40 HYLUX NJ SR1051 ,10,PIEZA
102200MRS00AM,CHALECO MRS TRESCAT. SR1013 AM ,10,PIEZA
102200MRS00NJ,CHALECO MRS TRESCAT. SR1013 NJ ,10,PIEZA
102205MRS00AM,CHALECO MRS ALTA VISIBIL. SR1014 AM ,10,PIEZA
102205MRS00AZ,CHALECO MRS ALTA VISIBIL. SR1014  AZ ,10,PIEZA
102205MRS00NJ,CHALECO MRS ALTA VISIBIL. SR1014 NJ ,10,PIEZA
102205MRS00RJ,CHALECO MRS ALTA VISIBIL. SR1014 RJ ,10,PIEZA
102205MRS00VD,CHALECO MRS ALTA VISIBIL. SR1014 VD ,10,PIEZA
102215MRS00AM,CHALECO MRS SR1034 A.V AJUST. AM ,10,PIEZA
102215MRS00NJ,CHALECO MRS SR1034 A.V. AJUST. NJ ,10,PIEZA
102216MRS00AM,CHALECO MRS SR1035 RESCAT. AM ,10,PIEZA
102216MRS00NJ,CHALECO MRS SR1035 RESCAT. NJ ,10,PIEZA
102225MRSNJ00,TRIANGULO MRS DE VIALIDAD SR1020 NJ ,10,PIEZA
102355MRS0000,INDICADOR AGG DE PISO MOJADO ,10,PIEZA
102358MRS0000,TOPE PESTAC. MRS SR1007 1801510 ,10,PIEZA
102405STE91NJ,CONO INF PTRAFICO 90 CM NJ ,10,PIEZA
102500DER0000,MALLA JYR SR1187 ALTA VISIBIL 1.2030,10,PIEZA
102510STE0000,CONO AGG PVC 45 CM BASENJ ,10,PIEZA
102549STE01NJ,CHALECO STE CITYLUX NJ OFERTA ,10,PIEZA
102549STE01VD,CHALECO STE CITYLUX AM OFERTA ,10,PIEZA
102550STE00NJ,CHALECO STE ALTA VISIBILIDAD NJ OFERTA,10,PIEZA
102550STE00VD,CHALECO STE ALTA VISIBILIDAD VD OFERTA,10,PIEZA
102555STE00AZ,CHALECO PRIO TIPO MAXTRACK GAB TXXL AZ,10,PIEZA
102555STE00NJ,CHALECO PRIO TIPO MAXTRACK GAB TXXL NJ,10,PIEZA
102555STECHAZ,CHALECO PRIO TIPO MAXTRACK GAB TCH AZ ,10,PIEZA
102555STECHNJ,CHALECO PRIO TIPO MAXTRACK GAB TCH NJ ,10,PIEZA
102555STECHRJ,CHALECO PRIO TIPO MAXTRACK GAB TCH RJ ,10,PIEZA
102555STEGDAZ,CHALECO PRIO TIPO MAXTRACK GAB TGD AZ ,10,PIEZA
102555STEGDKH,CHALECO PRIO TIPO MAXTRACK GAB TGD KH ,10,PIEZA
102555STEGDNJ,CHALECO PRIO TIPO MAXTRACK GAB TGD NJ ,10,PIEZA
102555STEGDRJ,CHALECO PRIO TIPO MAXTRACK GAB TGD RJ ,10,PIEZA
102555STEMDAZ,CHALECO PRIO TIPO MAXTRACK GAB TMD AZ ,10,PIEZA
102555STEMDKH,CHALECO PRIO TIPO MAXTRACK GAB TMD KH ,10,PIEZA
102555STEMDNJ,CHALECO PRIO TIPO MAXTRACK GAB TMD NJ ,10,PIEZA
102555STEMDRJ,CHALECO PRIO TIPO MAXTRACK GAB TMD RJ,10,PIEZA
102555STEXLAZ,CHALECO PRIO TIPO MAXTRACK GAB TXL AZ ,10,PIEZA
102555STEXLKH,CHALECO PRIO TIPO MAXTRACK GAB TXL KH ,10,PIEZA
102555STEXLNJ,CHALECO PRIO TIPO MAXTRACK GAB TXL NJ ,10,PIEZA
102555STEXLRJ,CHALECO PRIO TIPO MAXTRACK GAB TXL RJ ,10,PIEZA
102610TUK00AM,CINTA PDELIMITAR AREA TUK 24833 AM,10,PIEZA
102610TUK00AZ,CINTA PDELIMITAR AREA TUK 24833 AZ,10,PIEZA
102610TUK00BC,CINTA PDELIMITAR AREA TUK 24833 BC,10,PIEZA
102610TUK00NG,CINTA PDELIMITAR AREA TUK 24833 NG,10,PIEZA
102610TUK00NJ,CINTA PDELIMITAR AREA TUK 24833 NJ,10,PIEZA
102610TUK00RJ,CINTA PDELIMITAR AREA TUK 24833 RJ,10,PIEZA
102610TUK00VD,CINTA PDELIMITAR AREA TUK 24833 VD,10,PIEZA
102700TUK0200,CINTA PDELIMITAR TUK 0.5133 2AMNG,10,PIEZA
102701TUK0000,CINTA TUK MASKIN 2450 MOD. 110 ,10,PIEZA
102800VAL1000,CONO INDICADOR DE VIENTO FIR 10 ,10,PIEZA
102800VAL1800,CONO IFA INDICADOR DE VIENTO VAL 18 ,10,PIEZA
103550SRL00AC,CHALECO SRL BRIGADISTA VINO ,10,PIEZA
103550SRL00AM,CHALECO SRL BRIGADISTA AMARILLO ,10,PIEZA
103550SRL00AO,CHALECO SRL BRIGADISTA AZUL MARINO ,10,PIEZA
103550SRL00AZ,CHALECO SRL BRIGADISTA AZUL REY ,10,PIEZA
103550SRL00BC,CHALECO SRL BRIGADISTA BLANCO ,10,PIEZA
103550SRL00KK,CHALECO SRL BRIGADISTA KAKI ,10,PIEZA
103550SRL00NG,CHALECO SRL BRIGADISTA NEGRO ,10,PIEZA
103550SRL00NJ,CHALECO SRL BRIGADISTA NARANJA ,10,PIEZA
103550SRL00RJ,CHALECO SRL BRIGADISTA ROJO ,10,PIEZA
103550SRL00RS,CHALECO SRL BRIGADISTA ROSA ,10,PIEZA
103550SRL00VD,CHALECO SRL BRIGADISTA VERDE ,10,PIEZA
104000MBRCHAO,CHALECO MBR GABARDINA CH AZUL MARINO ,10,PIEZA
104000MBRCHAZ,CHALECO MBR GABARDINA CH AZUL REY ,10,PIEZA
104000MBRCHNJ,CHALECO MBR GABARDINA CH NARANJA ,10,PIEZA
104000MBRCHRJ,CHALECO MBR GABARDINA CH ROJO ,10,PIEZA
104000MBREXAO,CHALECO MBR GABARDINA XL AZUL MARINO ,10,PIEZA
104000MBREXAZ,CHALECO MBR GABARDINA XL AZUL REY ,10,PIEZA
104000MBREXNJ,CHALECO MBR GABARDINA XL NARANJA ,10,PIEZA
104000MBREXRJ,CHALECO MBR GABARDINA XL ROJO ,10,PIEZA
104000MBRGDAO,CHALECO MBR GABARDINA GD AZUL MARINO ,10,PIEZA
104000MBRGDAZ,CHALECO MBR GABARDINA GD AZUL REY ,10,PIEZA
104000MBRGDNJ,CHALECO MBR GABARDINA GD NARANJA ,10,PIEZA
104000MBRGDRJ,CHALECO MBR GABARDINA GD ROJO ,10,PIEZA
104000MBRGDVD,CHALECO MBR GABARDINA GD VERDE ,10,PIEZA
104000MBRMDAO,CHALECO MBR GABARDINA MD AZUL MARINO ,10,PIEZA
104000MBRMDAZ,CHALECO MBR GABARDINA MD AZUL REY ,10,PIEZA
104000MBRMDNJ,CHALECO MBR GABARDINA MD NARANJA ,10,PIEZA
104000MBRMDRJ,CHALECO MBR GABARDINA MD ROJO ,10,PIEZA
104000MBRMDVD,CHALECO MBR GABARDINA MD VERDE ,10,PIEZA
107000MRS0000,CINTA AST PRISMATICA PVC MTS ,10,METRO
107001MRSAM00,CINTA EUR REF. OXFORDAM MTS ,10,METRO
107001MRSNJ00,CINTA EUR REF. OXFORDNJ MTS ,10,METRO
107501MRS0000,CINTA MRS BICOLOR SR1021 PTRAILER MT ,10,METRO
111400EFL0000,DETECTOR DE HUMOS SP1022   FG250 ,11,PIEZA
111500DLM0010,EXTINTOR DLM 1 KG. PQS ,11,PIEZA
111500DLM0020,EXTINTOR DLM 2.3  KG. PQS ,11,PIEZA
111500DLM0045,EXTINTOR DLM 4.5 KG. PQS ,11,PIEZA
111500DLM0060,EXTINTOR DLM 6 KG. PQS ,11,PIEZA
111500VSH0010,EXTINTOR VSH 450 GRS. GAS FO22 ,11,PIEZA
111500VSH0011,DISPOSITIVO DE SEGURIDAD VSH DEFENSOL,11,PIEZA
111800EFL0045,EXTINTOR EFL  CO2 DE 4.5 KG ,11,PIEZA
111800EFL0068,EXTINTOR EFL  CO2 DE 6 KG ,11,PIEZA
111800ULN0000,TUGTIGHT SELLOS PARA TAMBOS 9 ,11,PIEZA
112520JUS0000,RECIPIENTE JUSTRITE 1 GAL. ,11,PIEZA
112530JUS0000,RECIPIENTE JUSTRITE 5 GAL. ,11,PIEZA
112588SKD0000,COMBO SKD BOMBERO BRIGADISTA FPCOM1 D,11,KIT
121500DGP0000,BOTIQUIN DGP CHICO ,12,PIEZA
121700DGP0000,BOTIQUIN DGP MOCHILA,12,PIEZA
122100DGP0000,CASCO  PETZL A10VRA ST RJ ,12,PIEZA
167010SKD0000,LAVAOJOS PORTATIL SKD MOD LOP14 D,16,PIEZA
169000AIM00AZ,STICKY MAT AKTCMB1845 AZUL 18 X 45 D,16,PIEZA
191000DOG0000,NAVAJA DOG KN1020 CUTTER ALUMINIO 6 ,19,PIEZA
191001DOG0000,REPUESTO NAVAJA DOG CUT 10PZAS DC0311,19,CAJA
191002DOG0000,NAVAJA DOG RETRACTIL SP0107 METALICA  ,19,PIEZA
211340AOS00CL,MICA FACIAL AO TUFFMASTER WP96 CL D,2,PIEZA
3M012030BOLS,CLEAN SAND FILTER BAG 20452 ,3M,PIEZA
SERV000,SERVICIO DE FACTURACION,FACT,NO APLICA
SERV001,ANTICIPO,FACT,NO APLICA
SERV002,APLICACION DEL ANTICIPO,FACT,NO APLICA